"year","last_name, first_name","pitcher_id","team_name","team_name_abbrev","pitch_hand","avg_speed","pitches_thrown","total_pitches","pitches_per_game","pitch_per","pitch_type","pitch_type_name","pitcher_break_z","league_break_z","diff_z","rise","pitcher_break_z_induced","pitcher_break_x","league_break_x","diff_x","tail","percent_rank_diff_z","percent_rank_diff_x"
"2022","Rodón, Carlos","607074","Giants","SF","L","95.5","1817","2985",18.425925925925927,0.6087102177554439,"FF","4-Seam Fastball",12,-13,1,"8",18.1,6,-6.1,-0.2,"-3",0.7180722891566265,0.42168674698795183
"2022","Cole, Gerrit","543037","Yankees","NYY","R","97.8","1695","3274",20.209876543209877,0.5177153329260843,"FF","4-Seam Fastball",10.5,-12.9,2.4,"19",18.3,10.4,-8.2,2.2,"26",0.9493975903614458,0.7156626506024096
"2022","Gilbert, Logan","669302","Mariners","SEA","R","96.1","1622","3015",18.61111111111111,0.5379767827529022,"FF","4-Seam Fastball",11.9,-12.7,0.8,"7",17.8,6.4,-6.8,-0.4,"-6",0.655421686746988,0.3927710843373494
"2022","Pivetta, Nick","601713","Red Sox","BOS","R","93.4","1572","3082",19.02469135802469,0.5100584036340039,"FF","4-Seam Fastball",10.9,-13.7,2.8,"20",20.6,5.1,-5.6,-0.6,"-10",0.9734939759036144,0.36626506024096384
"2022","McKenzie, Triston","663474","Guardians","CLE","R","92.5","1570","2807",17.32716049382716,0.5593159957249733,"FF","4-Seam Fastball",11.6,-14.4,2.8,"19",20.5,3,-5.7,-2.7,"-47",0.9734939759036144,0.19036144578313252
"2022","Javier, Cristian","664299","Astros","HOU","R","93.8","1533","2554",15.765432098765432,0.6002349256068912,"FF","4-Seam Fastball",12.3,-15.3,3,"20",19,7.3,-8,-0.6,"-8",0.983132530120482,0.36626506024096384
"2022","Strider, Spencer","675911","Braves","ATL","R","98.2","1524","2277",14.055555555555555,0.6693017127799736,"FF","4-Seam Fastball",10.7,-12.5,1.8,"14",17.7,5.1,-7.9,-2.7,"-35",0.891566265060241,0.19036144578313252
"2022","Ryan, Joe","657746","Twins","MIN","R","92","1436","2391",14.75925925925926,0.6005855290673359,"FF","4-Seam Fastball",17.5,-17.5,0,"0",14.8,10.7,-9.4,1.3,"14",0.5204819277108433,0.6265060240963856
"2022","Gallen, Zac","668678","D-backs","AZ","R","94.1","1410","2935",18.117283950617285,0.4804088586030664,"FF","4-Seam Fastball",13.4,-14.5,1.1,"7",17.6,3.4,-7.1,-3.7,"-52",0.7373493975903614,0.13012048192771083
"2022","Urquidy, José","664353","Astros","HOU","R","93.5","1387","2640",16.296296296296298,0.5253787878787879,"FF","4-Seam Fastball",11.7,-14.3,2.6,"18",19.8,7.7,-6.5,1.2,"19",0.9662650602409638,0.6120481927710844
"2022","Gausman, Kevin","592332","Blue Jays","TOR","R","95","1358","2783",17.179012345679013,0.4879626302551204,"FF","4-Seam Fastball",13.1,-14.1,1,"7",17.4,10.5,-7.2,3.3,"46",0.7180722891566265,0.8481927710843373
"2022","Verlander, Justin","434378","Astros","HOU","R","95","1313","2607",16.09259259259259,0.5036440352896049,"FF","4-Seam Fastball",11.4,-12.2,0.9,"7",19.2,9.5,-6.2,3.4,"55",0.6939759036144578,0.8602409638554217
"2022","Giolito, Lucas","608337","White Sox","CWS","R","92.6","1311","2753",16.993827160493826,0.47620777333817654,"FF","4-Seam Fastball",13.9,-14.5,0.5,"4",18,5.4,-5.8,-0.4,"-7",0.6072289156626506,0.3927710843373494
"2022","Snell, Blake","605483","Padres","SD","L","95.8","1300","2341",14.450617283950617,0.5553182400683468,"FF","4-Seam Fastball",11.2,-12.7,1.5,"12",18.8,5.2,-5.9,-0.6,"-10",0.8433734939759037,0.36626506024096384
"2022","Urías, Julio","628711","Dodgers","LAD","L","93.1","1290","2622",16.185185185185187,0.4919908466819222,"FF","4-Seam Fastball",14.9,-15.2,0.3,"2",16.6,3,-7.3,-4.2,"-58",0.5759036144578313,0.08433734939759036
"2022","Cease, Dylan","656302","White Sox","CWS","R","96.8","1245","3120",19.25925925925926,0.39903846153846156,"FF","4-Seam Fastball",10.3,-12.8,2.4,"19",18.9,3,-6.9,-3.9,"-56",0.9493975903614458,0.10602409638554217
"2022","Kopech, Michael","656629","White Sox","CWS","R","94.9","1234","2011",12.41358024691358,0.6136250621581303,"FF","4-Seam Fastball",11.9,-14.2,2.3,"16",18.7,9.9,-7.4,2.4,"33",0.944578313253012,0.7325301204819277
"2022","Ray, Robbie","592662","Mariners","SEA","L","93.4","1191","3047",18.808641975308642,0.39087627174269773,"FF","4-Seam Fastball",13.4,-14.7,1.3,"9",18.1,6.7,-6.6,0.1,"2",0.8072289156626506,0.4674698795180723
"2022","Greene, Hunter","668881","Reds","CIN","R","98.9","1178","2200",13.580246913580247,0.5354545454545454,"FF","4-Seam Fastball",12.1,-12.2,0.1,"1",16,11.7,-8.3,3.4,"41",0.5445783132530121,0.8602409638554217
"2022","Lauer, Eric","641778","Brewers","MIL","L","93.3","1166","2676",16.51851851851852,0.43572496263079225,"FF","4-Seam Fastball",14.6,-15,0.4,"3",16.9,9.8,-7.1,2.7,"38",0.5903614457831325,0.7686746987951807
"2022","Cortes, Nestor","641482","Yankees","NYY","L","91.8","1154","2465",15.216049382716049,0.46815415821501016,"FF","4-Seam Fastball",13.1,-16.1,3.1,"19",19.5,4.5,-7.3,-2.8,"-38",0.9879518072289156,0.18313253012048192
"2022","Steele, Justin","657006","Cubs","CHC","L","92.2","1142","2032",12.54320987654321,0.562007874015748,"FF","4-Seam Fastball",19.4,-15.5,-3.9,"-25",12.6,1.6,-6.6,-8.2,"-124",0.04819277108433735,0.0024096385542168677
"2022","Bubic, Kris","663460","Royals","KC","L","91.9","1141","2262",13.962962962962964,0.504420866489832,"FF","4-Seam Fastball",15.9,-16.1,0.1,"1",16.5,7.7,-7.2,0.4,"6",0.5445783132530121,0.5084337349397591
"2022","López, Pablo","641154","Marlins","MIA","R","93.6","1130","2910",17.962962962962962,0.38831615120274915,"FF","4-Seam Fastball",17.9,-15.5,-2.4,"-16",13.3,4.5,-8.1,-3.6,"-45",0.13493975903614458,0.14216867469879518
"2022","Manaea, Sean","640455","Padres","SD","L","91.4","1119","2482",15.320987654320987,0.4508460918614021,"FF","4-Seam Fastball",19.9,-17.3,-2.6,"-15",13.1,12.1,-8.1,4,"49",0.1108433734939759,0.9204819277108434
"2022","Mahle, Tyler","641816","Twins","MIN","R","93.2","1088","2101",12.969135802469136,0.5178486435030938,"FF","4-Seam Fastball",13.5,-15.5,2,"13",18.1,10.2,-7.7,2.5,"32",0.9180722891566265,0.7421686746987952
"2022","Kaprielian, James","621076","Athletics","OAK","R","94","1079","2230",13.765432098765432,0.4838565022421525,"FF","4-Seam Fastball",15.5,-14.5,-1,"-7",15.6,7.6,-6.9,0.7,"10",0.3421686746987952,0.5469879518072289
"2022","Manoah, Alek","666201","Blue Jays","TOR","R","93.9","1054","2949",18.203703703703702,0.3574092912851814,"FF","4-Seam Fastball",14.3,-14.6,0.3,"2",16.9,5.5,-7.1,-1.5,"-22",0.5759036144578313,0.28674698795180725
"2022","Lynch IV, Daniel","663738","Royals","KC","L","94","1052","2435",15.030864197530864,0.4320328542094456,"FF","4-Seam Fastball",15.2,-14.5,-0.7,"-5",15.6,6.9,-7.2,-0.3,"-4",0.38795180722891565,0.40481927710843374
"2022","Garcia, Luis","677651","Astros","HOU","R","94","1035","2468",15.234567901234568,0.41936790923824957,"FF","4-Seam Fastball",13.1,-14.3,1.2,"9",18.1,7.5,-6.6,0.8,"12",0.7710843373493976,0.5614457831325301
"2022","Gray, Jon","592351","Rangers","TEX","R","95.9","1025","2062",12.728395061728396,0.49709020368574197,"FF","4-Seam Fastball",17.1,-14.4,-2.7,"-19",12.7,11.3,-8.5,2.8,"33",0.09879518072289156,0.7903614457831325
"2022","Anderson, Tyler","542881","Dodgers","LAD","L","90.7","1023","2576",15.901234567901234,0.39712732919254656,"FF","4-Seam Fastball",15.7,-16.5,0.8,"5",17.6,7.8,-6.5,1.3,"21",0.655421686746988,0.6265060240963856
"2022","Nola, Aaron","605400","Phillies","PHI","R","92.8","1022","3039",18.75925925925926,0.3362948338269168,"FF","4-Seam Fastball",16.6,-16.7,0.1,"1",15.4,13.1,-8.8,4.3,"49",0.5445783132530121,0.9301204819277108
"2022","Rogers, Trevor","669432","Marlins","MIA","L","94.6","1022","1940",11.975308641975309,0.5268041237113402,"FF","4-Seam Fastball",16.7,-14.6,-2,"-14",14.2,12.6,-7.7,4.9,"64",0.18072289156626506,0.9686746987951808
"2022","Wheeler, Zack","554430","Phillies","PHI","R","95.9","997","2358",14.555555555555555,0.42281594571670905,"FF","4-Seam Fastball",13.6,-13.8,0.3,"2",16.2,9.2,-7.9,1.3,"17",0.5759036144578313,0.6265060240963856
"2022","Taillon, Jameson","592791","Yankees","NYY","R","94.1","996","2805",17.314814814814813,0.35508021390374334,"FF","4-Seam Fastball",13.2,-14.3,1.1,"8",17.7,5.8,-6.8,-1.1,"-16",0.7373493975903614,0.3253012048192771
"2022","Gray, Josiah","680686","Nationals","WSH","R","94.4","992","2597",16.030864197530864,0.38197920677705044,"FF","4-Seam Fastball",12.9,-15.2,2.2,"15",17.9,10,-8.7,1.3,"15",0.9325301204819277,0.6265060240963856
"2022","Bieber, Shane","669456","Guardians","CLE","R","91.3","989","2875",17.746913580246915,0.344,"FF","4-Seam Fastball",15.3,-16.6,1.3,"8",17.6,8.5,-7.4,1.2,"16",0.8072289156626506,0.6120481927710844
"2022","Scherzer, Max","453286","Mets","NYM","R","94","981","2167",13.376543209876543,0.4526995846792801,"FF","4-Seam Fastball",15,-15.1,0.2,"1",16.2,11.1,-8,3.1,"39",0.563855421686747,0.8265060240963855
"2022","Quintana, Jose","500779","Cardinals","STL","L","91.2","980","2724",16.814814814814813,0.35976505139500736,"FF","4-Seam Fastball",17.7,-16.4,-1.3,"-8",15.2,2.4,-6.9,-4.5,"-65",0.2819277108433735,0.060240963855421686
"2022","Woodruff, Brandon","605540","Brewers","MIL","R","96.3","970","2538",15.666666666666666,0.3821907013396375,"FF","4-Seam Fastball",12.1,-13.5,1.5,"11",17.5,6,-7.7,-1.7,"-22",0.8433734939759037,0.27228915662650605
"2022","Morton, Charlie","450203","Braves","ATL","R","94.9","969","2903",17.919753086419753,0.33379262831553563,"FF","4-Seam Fastball",17.8,-15,-2.9,"-19",12.5,10.6,-8.5,2.1,"24",0.09397590361445783,0.7012048192771084
"2022","Anderson, Ian","666120","Braves","ATL","R","94","960","2005",12.376543209876543,0.47880299251870323,"FF","4-Seam Fastball",14.3,-13.9,-0.4,"-3",16.7,5.9,-6.2,-0.3,"-4",0.43855421686746987,0.40481927710843374
"2022","Lyles, Jordan","543475","Orioles","BAL","R","91.8","960","2988",18.444444444444443,0.321285140562249,"FF","4-Seam Fastball",15.4,-15.5,0,"0",17.1,5.9,-6.3,-0.3,"-6",0.5204819277108433,0.40481927710843374
"2022","Kirby, George","669923","Mariners","SEA","R","95.3","956","2092",12.91358024691358,0.4569789674952199,"FF","4-Seam Fastball",15.1,-14,-1.1,"-8",14.9,8.8,-7.5,1.3,"18",0.3253012048192771,0.6265060240963856
"2022","Detmers, Reid","672282","Angels","LAA","L","93.2","953","2181",13.462962962962964,0.43695552498853735,"FF","4-Seam Fastball",14.7,-15.1,0.4,"3",17,10.1,-7.2,2.9,"40",0.5903614457831325,0.8024096385542169
"2022","Irvin, Cole","608344","Athletics","OAK","L","90.7","948","2610",16.11111111111111,0.3632183908045977,"FF","4-Seam Fastball",17.2,-16.2,-0.9,"-6",16.2,9.9,-6.2,3.7,"59",0.363855421686747,0.8843373493975903
"2022","Kelly, Merrill","518876","D-backs","AZ","R","92.6","946","3071",18.95679012345679,0.30804298274177794,"FF","4-Seam Fastball",16.7,-16.2,-0.6,"-4",15.3,7.8,-8.2,-0.4,"-5",0.4,0.3927710843373494
"2022","Plesac, Zach","668676","Guardians","CLE","R","91.9","933","2153",13.290123456790123,0.433348815606131,"FF","4-Seam Fastball",13.7,-15.5,1.7,"11",18.7,7.5,-6.4,1.1,"17",0.8771084337349397,0.6024096385542169
"2022","Kikuchi, Yusei","579328","Blue Jays","TOR","L","94.9","931","1843",11.376543209876543,0.5051546391752577,"FF","4-Seam Fastball",13.6,-14.8,1.2,"8",17,11.5,-8.3,3.2,"38",0.7710843373493976,0.8361445783132531
"2022","Pallante, Andre","669467","Cardinals","STL","R","95.2","924","1753",10.820987654320987,0.5270964061608671,"FF","4-Seam Fastball",21.1,-14.2,-6.9,"-49",9,3.5,-7.6,-4.1,"-54",0.007228915662650603,0.09156626506024096
"2022","Gonzales, Marco","594835","Mariners","SEA","L","88.5","922","2838",17.51851851851852,0.324876673713883,"FF","4-Seam Fastball",20,-18.2,-1.9,"-10",14.9,12,-7.2,4.8,"66",0.1927710843373494,0.9542168674698795
"2022","Lynn, Lance","458681","White Sox","CWS","R","93","908","2022",12.481481481481481,0.44906033630069236,"FF","4-Seam Fastball",18.2,-15.7,-2.5,"-16",13.3,3.7,-7.9,-4.3,"-54",0.12289156626506025,0.07710843373493977
"2022","Espino, Paolo","502179","Nationals","WSH","R","88.5","899","1873",11.561728395061728,0.4799786438868126,"FF","4-Seam Fastball",15.9,-18.1,2.1,"12",19,2.8,-6.9,-4.1,"-59",0.927710843373494,0.09156626506024096
"2022","Fried, Max","608331","Braves","ATL","L","94","885","2818",17.395061728395063,0.3140525195173882,"FF","4-Seam Fastball",18.5,-14.5,-4,"-28",12.3,1.5,-6.9,-5.4,"-78",0.043373493975903614,0.02650602409638554
"2022","Bradish, Kyle","680694","Orioles","BAL","R","94.6","883","1993",12.302469135802468,0.4430506773707978,"FF","4-Seam Fastball",14.4,-13.6,-0.8,"-6",16.1,1.3,-6.2,-7.5,"-121",0.38072289156626504,0.00963855421686747
"2022","Heasley, Jonathan","669169","Royals","KC","R","93.3","878","1796",11.08641975308642,0.4888641425389755,"FF","4-Seam Fastball",12.6,-14.8,2.2,"15",18.9,8.4,-6.8,1.6,"24",0.9325301204819277,0.6626506024096386
"2022","Márquez, Germán","608566","Rockies","COL","R","95.6","878","2839",17.52469135802469,0.30926382529059526,"FF","4-Seam Fastball",16.6,-14.1,-2.4,"-17",13.3,9.2,-7.9,1.4,"17",0.13493975903614458,0.6457831325301204
"2022","McClanahan, Shane","663556","Rays","TB","L","96.7","877","2463",15.203703703703704,0.3560698335363378,"FF","4-Seam Fastball",11.7,-12.6,0.9,"7",17.7,10.8,-6.6,4.2,"64",0.6939759036144578,0.9253012048192771
"2022","Bundy, Dylan","605164","Twins","MIN","R","89","875","2180",13.45679012345679,0.4013761467889908,"FF","4-Seam Fastball",15.3,-17.4,2.1,"12",19.4,4.6,-6.2,-1.6,"-25",0.927710843373494,0.2819277108433735
"2022","Flexen, Chris","623167","Mariners","SEA","R","91.7","870","2204",13.604938271604938,0.39473684210526316,"FF","4-Seam Fastball",13.7,-14.5,0.8,"5",19,2.3,-5.8,-3.5,"-60",0.655421686746988,0.14698795180722893
"2022","Springs, Jeffrey","605488","Rays","TB","L","91.4","868","2149",13.265432098765432,0.40390879478827363,"FF","4-Seam Fastball",15.3,-16.1,0.8,"5",17.7,11.4,-6.7,4.7,"69",0.655421686746988,0.9493975903614458
"2022","Bumgarner, Madison","518516","D-backs","AZ","L","91.2","868","2715",16.75925925925926,0.3197053406998158,"FF","4-Seam Fastball",17.7,-16.6,-1.1,"-7",15.5,7.8,-7.3,0.5,"7",0.3253012048192771,0.5228915662650603
"2022","Greinke, Zack","425844","Royals","KC","R","89.2","867","2272",14.024691358024691,0.3816021126760563,"FF","4-Seam Fastball",18.4,-17.2,-1.2,"-7",15.9,2.1,-5.9,-3.8,"-65",0.30843373493975906,0.1180722891566265
"2022","Keller, Mitch","656605","Pirates","PIT","R","95.6","861","2661",16.425925925925927,0.32356257046223225,"FF","4-Seam Fastball",15,-13.9,-1.2,"-8",14.9,7.3,-7.4,-0.2,"-2",0.30843373493975906,0.42168674698795183
"2022","Hearn, Taylor","621368","Rangers","TEX","L","94.8","857","1787",11.030864197530864,0.4795747062115277,"FF","4-Seam Fastball",13.8,-13.8,-0.1,"0",16.8,7.8,-6.6,1.2,"18",0.5036144578313253,0.6120481927710844
"2022","Mikolas, Miles","571945","Cardinals","STL","R","93.5","855","3152",19.45679012345679,0.27125634517766495,"FF","4-Seam Fastball",16.3,-13.9,-2.4,"-17",15,4.9,-5.9,-1,"-18",0.13493975903614458,0.3349397590361446
"2022","Carrasco, Carlos","471911","Mets","NYM","R","93.2","854","2412",14.88888888888889,0.3540630182421227,"FF","4-Seam Fastball",17.5,-15.4,-2.1,"-14",14.1,7.6,-7.5,0.1,"2",0.17349397590361446,0.4674698795180723
"2022","Gomber, Austin","596295","Rockies","COL","L","91","835","2059",12.709876543209877,0.4055366682855755,"FF","4-Seam Fastball",15.6,-15.2,-0.4,"-3",17.3,6.3,-5.4,0.9,"16",0.43855421686746987,0.5807228915662651
"2022","Thompson, Keegan","624522","Cubs","CHC","R","93.6","830","1878",11.592592592592593,0.44195953141640043,"FF","4-Seam Fastball",13.9,-15.1,1.2,"8",17.3,4.4,-7.5,-3.1,"-42",0.7710843373493976,0.163855421686747
"2022","Finnegan, Kyle","640448","Nationals","WSH","R","97","829","1053",6.5,0.7872744539411206,"FF","4-Seam Fastball",13.8,-13.4,-0.4,"-3",15.3,11.6,-8.2,3.5,"43",0.43855421686746987,0.8698795180722891
"2022","Burke, Brock","656271","Rangers","TEX","L","95","827","1330",8.209876543209877,0.6218045112781955,"FF","4-Seam Fastball",13.9,-13.4,-0.5,"-4",16.5,10.2,-6.4,3.8,"59",0.42168674698795183,0.9060240963855422
"2022","Alcantara, Sandy","645261","Marlins","MIA","R","98","827","3248",20.049382716049383,0.2546182266009852,"FF","4-Seam Fastball",14.9,-12.8,-2.1,"-16",13.8,12.1,-8.3,3.8,"46",0.17349397590361446,0.9060240963855422
"2022","Castillo, Luis","622491","Mariners","SEA","R","97.1","824","2506",15.469135802469136,0.32881085395051873,"FF","4-Seam Fastball",15.5,-14.3,-1.2,"-8",13.6,11.4,-9.7,1.7,"18",0.30843373493975906,0.6698795180722892
"2022","Senzatela, Antonio","622608","Rockies","COL","R","94.3","810","1521",9.38888888888889,0.5325443786982249,"FF","4-Seam Fastball",19.6,-14.4,-5.2,"-36",10.9,3.3,-7.1,-3.8,"-54",0.014457831325301205,0.1180722891566265
"2022","Keller, Brad","641745","Royals","KC","R","94.5","803","2275",14.04320987654321,0.35296703296703297,"FF","4-Seam Fastball",17.3,-14.1,-3.2,"-23",13,2.4,-6.8,-9.3,"-135",0.06506024096385542,0
"2022","Rasmussen, Drew","656876","Rays","TB","R","95.5","799","2239",13.820987654320987,0.356855739169272,"FF","4-Seam Fastball",13.6,-13.6,0,"0",16.6,2.3,-7,-4.7,"-67",0.5204819277108433,0.04819277108433735
"2022","Severino, Luis","622663","Yankees","NYY","R","96.3","787","1639",10.117283950617283,0.4801708358755339,"FF","4-Seam Fastball",12.2,-13.4,1.2,"9",17.4,7.7,-7.5,0.2,"3",0.7710843373493976,0.4891566265060241
"2022","Gonsolin, Tony","664062","Dodgers","LAD","R","93.1","787","2015",12.438271604938272,0.3905707196029777,"FF","4-Seam Fastball",14.2,-14.8,0.6,"4",17.4,8.5,-6.6,1.9,"29",0.6168674698795181,0.6819277108433734
"2022","Berríos, José","621244","Blue Jays","TOR","R","94","771","2721",16.796296296296298,0.28335170893054024,"FF","4-Seam Fastball",16.7,-15.4,-1.3,"-8",14.5,10.7,-8.4,2.3,"27",0.2819277108433735,0.7204819277108434
"2022","Contreras, Roansy","672710","Pirates","PIT","R","95.6","770","1588",9.802469135802468,0.48488664987405544,"FF","4-Seam Fastball",12.3,-13.9,1.6,"12",17.7,7.4,-7.6,-0.2,"-3",0.8578313253012049,0.42168674698795183
"2022","Heaney, Andrew","571760","Dodgers","LAD","L","93","769","1230",7.592592592592593,0.6252032520325204,"FF","4-Seam Fastball",17.5,-16.9,-0.6,"-4",14.4,14.8,-9.6,5.2,"55",0.4,0.9734939759036144
"2022","Adon, Joan","672851","Nationals","WSH","R","95","763","1204",7.432098765432099,0.6337209302325582,"FF","4-Seam Fastball",15.3,-14,-1.3,"-9",15.1,10.5,-7.2,3.4,"47",0.2819277108433735,0.8602409638554217
"2022","Gore, MacKenzie","669022","Padres","SD","L","94.7","763","1258",7.765432098765432,0.6065182829888712,"FF","4-Seam Fastball",13,-14.1,1.1,"7",17.6,5.2,-7.1,-1.9,"-27",0.7373493975903614,0.26024096385542167
"2022","White, Mitch","669952","Blue Jays","TOR","R","93.7","761","1715",10.58641975308642,0.443731778425656,"FF","4-Seam Fastball",15.2,-14.5,-0.6,"-4",16.1,3.9,-6.7,-2.8,"-42",0.4,0.18313253012048192
"2022","Darvish, Yu","506433","Padres","SD","R","95","759","2971",18.339506172839506,0.2554695388757994,"FF","4-Seam Fastball",13.4,-14.9,1.4,"10",17,7.3,-8.4,-1.1,"-14",0.8265060240963855,0.3253012048192771
"2022","Poche, Colin","621363","Rays","TB","L","93.2","754","974",6.012345679012346,0.7741273100616016,"FF","4-Seam Fastball",10.7,-13.9,3.3,"23",21,0.9,-5.8,-4.9,"-85",0.9927710843373494,0.04096385542168675
"2022","Williams, Trevor","592866","Mets","NYM","R","91.2","745","1407",8.685185185185185,0.5294953802416489,"FF","4-Seam Fastball",19.9,-17.9,-2,"-11",12.9,7,-8.9,-2,"-22",0.18072289156626506,0.25301204819277107
"2022","Walker, Taijuan","592836","Mets","NYM","R","93.7","743","2500",15.432098765432098,0.2972,"FF","4-Seam Fastball",13.9,-14.1,0.2,"2",17.5,10.2,-6.3,3.8,"61",0.563855421686747,0.9060240963855422
"2022","Peralta, Freddy","642547","Brewers","MIL","R","92.6","743","1353",8.351851851851851,0.549150036954915,"FF","4-Seam Fastball",16,-17.1,1.1,"6",16.1,8.8,-8.8,0,"0",0.7373493975903614,0.4506024096385542
"2022","Kimbrel, Craig","518886","Dodgers","LAD","R","95.8","738","1077",6.648148148148148,0.6852367688022284,"FF","4-Seam Fastball",15.4,-16.3,0.9,"6",14.5,10.4,-9.7,0.8,"8",0.6939759036144578,0.5614457831325301
"2022","Kershaw, Clayton","477132","Dodgers","LAD","L","90.7","736","1842",11.37037037037037,0.3995656894679696,"FF","4-Seam Fastball",14.7,-16.3,1.6,"10",18.6,0.5,-6.4,-6.9,"-108",0.8578313253012049,0.012048192771084338
"2022","Voth, Austin","608723","Orioles","BAL","R","93.5","725","1762",10.876543209876543,0.41146424517593644,"FF","4-Seam Fastball",13.9,-15.1,1.2,"8",17.6,7.2,-7.3,-0.1,"-2",0.7710843373493976,0.44096385542168676
"2022","Minor, Mike","501985","Reds","CIN","L","90.4","723","1750",10.802469135802468,0.41314285714285715,"FF","4-Seam Fastball",19.2,-16.6,-2.6,"-15",14.2,3.9,-6.7,-2.7,"-41",0.1108433734939759,0.19036144578313252
"2022","Estévez, Carlos","608032","Rockies","COL","R","97.5","719","1021",6.302469135802469,0.7042115572967679,"FF","4-Seam Fastball",14.1,-13.2,-0.9,"-7",14.6,10,-8.4,1.6,"19",0.363855421686747,0.6626506024096386
"2022","Ohtani, Shohei","660271","Angels","LAA","R","97.3","717","2629",16.228395061728396,0.2727272727272727,"FF","4-Seam Fastball",14.5,-12.8,-1.7,"-13",14.5,3.5,-7.6,-4.1,"-54",0.21445783132530122,0.09156626506024096
"2022","Peterson, David","656849","Mets","NYM","L","93.7","716","1889",11.660493827160494,0.37903652726310216,"FF","4-Seam Fastball",17.5,-14.5,-3,"-21",13.8,9,-6.9,2.1,"31",0.07951807228915662,0.7012048192771084
"2022","Hill, Rich","448179","Red Sox","BOS","L","88.5","711","1990",12.283950617283951,0.357286432160804,"FF","4-Seam Fastball",16.5,-17.9,1.4,"8",18.6,8.2,-6.7,1.5,"23",0.8265060240963855,0.6506024096385542
"2022","Clevinger, Mike","605182","Padres","SD","R","93.6","711","1931",11.919753086419753,0.36820300362506475,"FF","4-Seam Fastball",14.1,-15.7,1.5,"10",17.2,8.8,-8.3,0.5,"6",0.8433734939759037,0.5228915662650603
"2022","Hutchison, Drew","571800","Tigers","DET","R","92.4","711","1759",10.858024691358025,0.40420693575895394,"FF","4-Seam Fastball",15.1,-15.2,0.1,"1",16.9,3.6,-6.6,-3,"-45",0.5445783132530121,0.1710843373493976
"2022","Kennedy, Ian","453178","D-backs","AZ","R","93.4","706","867",5.351851851851852,0.8143021914648212,"FF","4-Seam Fastball",14.1,-15.8,1.8,"11",17.5,10.4,-8.4,2,"24",0.891566265060241,0.6939759036144578
"2022","Suter, Brent","608718","Brewers","MIL","L","86.4","695","1070",6.604938271604938,0.6495327102803738,"FF","4-Seam Fastball",23.7,-22.5,-1.3,"-6",12.7,3.8,1.6,-2.2,"139",0.2819277108433735,0.2385542168674699
"2022","Odorizzi, Jake","543606","Braves","ATL","R","92.1","692","1798",11.098765432098766,0.38487208008898777,"FF","4-Seam Fastball",14.7,-15.7,0.9,"6",17.6,9.2,-6.9,2.3,"34",0.6939759036144578,0.7204819277108434
"2022","Stripling, Ross","548389","Blue Jays","TOR","R","91.9","690","2033",12.549382716049383,0.3393999016232169,"FF","4-Seam Fastball",13.7,-14.4,0.7,"5",18.8,5.3,-5.8,-0.5,"-9",0.6337349397590362,0.38313253012048193
"2022","Coleman, Dylan","669395","Royals","KC","R","97.6","687","1205",7.438271604938271,0.5701244813278008,"FF","4-Seam Fastball",15.2,-12.8,-2.3,"-18",13.5,4.9,-7.9,-3,"-38",0.15421686746987953,0.1710843373493976
"2022","Wells, Tyler","669330","Orioles","BAL","R","93.5","686","1649",10.179012345679013,0.41600970285021227,"FF","4-Seam Fastball",11.5,-13.3,1.8,"14",19.9,5.8,-5.8,0,"-1",0.891566265060241,0.4506024096385542
"2022","Edwards Jr., Carl","605218","Nationals","WSH","R","94.6","685","1014",6.2592592592592595,0.6755424063116371,"FF","4-Seam Fastball",14.2,-13.5,-0.7,"-5",16.3,1.7,-6.1,-7.8,"-128",0.38795180722891565,0.007228915662650603
"2022","Musgrove, Joe","605397","Padres","SD","R","92.9","679","2834",17.493827160493826,0.239590684544813,"FF","4-Seam Fastball",18.2,-14.7,-3.5,"-24",13.4,4.2,-6.4,-2.2,"-35",0.060240963855421686,0.2385542168674699
"2022","Bickford, Phil","641360","Dodgers","LAD","R","94.1","673","990",6.111111111111111,0.6797979797979798,"FF","4-Seam Fastball",15.2,-16.1,0.9,"6",15.7,4.8,-9,-4.2,"-47",0.6939759036144578,0.08433734939759036
"2022","Díaz, Alexis","664747","Reds","CIN","R","95.7","666","1077",6.648148148148148,0.6183844011142061,"FF","4-Seam Fastball",15.6,-15.8,0.3,"2",14.2,6.6,-8.6,-2,"-24",0.5759036144578313,0.25301204819277107
"2022","Eovaldi, Nathan","543135","Red Sox","BOS","R","95.7","664","1739",10.734567901234568,0.3818286371477861,"FF","4-Seam Fastball",15.5,-14.5,-1,"-7",14.6,12.3,-8.6,3.7,"43",0.3421686746987952,0.8843373493975903
"2022","Baker, Bryan","641329","Orioles","BAL","R","96.2","663","1181",7.290123456790123,0.5613886536833192,"FF","4-Seam Fastball",11.8,-12.6,0.8,"6",17.9,2.4,-6.1,-3.7,"-60",0.655421686746988,0.13012048192771083
"2022","Freeland, Kyle","607536","Rockies","COL","L","90.3","661","2839",17.52469135802469,0.23282846072560762,"FF","4-Seam Fastball",19.9,-16.9,-3,"-18",13.4,5.9,-6.8,-0.8,"-12",0.07951807228915662,0.3542168674698795
"2022","Montas, Frankie","593423","Yankees","NYY","R","96.1","659","2327",14.364197530864198,0.2831972496776966,"FF","4-Seam Fastball",12.8,-13.6,0.8,"6",16.8,6.3,-7.5,-1.2,"-17",0.655421686746988,0.3132530120481928
"2022","Pilkington, Konnor","663455","Guardians","CLE","L","92.1","659","1039",6.41358024691358,0.6342637151106834,"FF","4-Seam Fastball",16,-15.7,-0.3,"-2",16.2,9.5,-6.9,2.5,"37",0.46265060240963857,0.7421686746987952
"2022","Kremer, Dean","665152","Orioles","BAL","R","93.5","650","1947",12.018518518518519,0.33384694401643555,"FF","4-Seam Fastball",14.9,-15.1,0.3,"2",16.6,9,-7.4,1.5,"21",0.5759036144578313,0.6506024096385542
"2022","Akin, Keegan","669211","Orioles","BAL","L","93.5","642","1235",7.6234567901234565,0.5198380566801619,"FF","4-Seam Fastball",13.6,-14.8,1.3,"9",17.9,10.7,-7.1,3.7,"52",0.8072289156626506,0.8843373493975903
"2022","Archer, Chris","502042","Twins","MIN","R","93","638","1787",11.030864197530864,0.3570229434806939,"FF","4-Seam Fastball",13.1,-14.8,1.7,"12",18.6,6.4,-6.5,-0.1,"-2",0.8771084337349397,0.44096385542168676
"2022","Wick, Rowan","592858","Cubs","CHC","R","94.9","632","1153",7.117283950617284,0.5481352992194276,"FF","4-Seam Fastball",12.7,-14.3,1.6,"11",17.8,2.8,-7.5,-4.6,"-62",0.8578313253012049,0.05542168674698795
"2022","Wacha, Michael","608379","Red Sox","BOS","R","93.1","626","1949",12.030864197530864,0.3211903540277065,"FF","4-Seam Fastball",12.4,-13.9,1.5,"11",19.3,6.8,-5.7,1.1,"19",0.8433734939759037,0.6024096385542169
"2022","Watkins, Spenser","657093","Orioles","BAL","R","91.4","622","1642",10.135802469135802,0.37880633373934225,"FF","4-Seam Fastball",16.2,-15.6,-0.6,"-4",16.6,1.2,-6,-4.8,"-80",0.4,0.04578313253012048
"2022","Sears, JP","676664","Athletics","OAK","L","93.2","611","1079",6.660493827160494,0.5662650602409639,"FF","4-Seam Fastball",17.9,-16.7,-1.2,"-7",13.7,12.1,-9.3,2.8,"30",0.30843373493975906,0.7903614457831325
"2022","Suarez, José","660761","Angels","LAA","L","92.7","609","1783",11.006172839506172,0.3415591699383062,"FF","4-Seam Fastball",16.4,-16.5,0.1,"1",15.6,9.5,-9,0.5,"6",0.5445783132530121,0.5228915662650603
"2022","Vest, Will","676684","Tigers","DET","R","95.1","607","1083",6.685185185185185,0.5604801477377654,"FF","4-Seam Fastball",14.8,-14.5,-0.3,"-2",15.5,9.3,-8.1,1.2,"15",0.46265060240963857,0.6120481927710844
"2022","Vesia, Alex","681911","Dodgers","LAD","L","94.1","600","951",5.87037037037037,0.6309148264984227,"FF","4-Seam Fastball",11.4,-14.8,3.4,"23",19.5,5,-7.6,-2.5,"-34",0.9951807228915662,0.21686746987951808
"2022","Boxberger, Brad","502202","Brewers","MIL","R","92.7","599","1090",6.728395061728395,0.5495412844036697,"FF","4-Seam Fastball",14.5,-15.5,1,"6",17.4,6,-7.5,-1.5,"-21",0.7180722891566265,0.28674698795180725
"2022","Jiménez, Joe","641729","Tigers","DET","R","95.7","595","937",5.783950617283951,0.6350053361792957,"FF","4-Seam Fastball",11.6,-13.9,2.3,"17",18.5,10.4,-7.7,2.7,"35",0.944578313253012,0.7686746987951807
"2022","Feltner, Ryan","663372","Rockies","COL","R","94.5","594","1675",10.339506172839506,0.3546268656716418,"FF","4-Seam Fastball",17.1,-15.7,-1.4,"-9",13.3,6.6,-9.2,-2.6,"-28",0.26265060240963856,0.20481927710843373
"2022","Quijada, José","650671","Angels","LAA","L","94.5","586","691",4.265432098765432,0.8480463096960926,"FF","4-Seam Fastball",15.2,-15.3,0.1,"0",15.4,6,-8.6,-2.6,"-31",0.5445783132530121,0.20481927710843373
"2022","Brieske, Beau","689225","Tigers","DET","R","94.3","584","1287",7.944444444444445,0.45376845376845376,"FF","4-Seam Fastball",13.2,-14.5,1.3,"9",17.7,7.3,-7.2,0.1,"2",0.8072289156626506,0.4674698795180723
"2022","Gilbreath, Lucas","656458","Rockies","COL","L","93.8","583","796",4.91358024691358,0.7324120603015075,"FF","4-Seam Fastball",15.1,-15,-0.1,"-1",15.8,0.6,-7.5,-6.9,"-92",0.5036144578313253,0.012048192771084338
"2022","Pagán, Emilio","641941","Twins","MIN","R","95.6","582","1126",6.950617283950617,0.5168738898756661,"FF","4-Seam Fastball",11.6,-14.3,2.7,"19",18.4,4.9,-8.1,-3.2,"-39",0.9686746987951808,0.15903614457831325
"2022","Hendriks, Liam","521230","White Sox","CWS","R","97.6","573","948",5.851851851851852,0.6044303797468354,"FF","4-Seam Fastball",10.1,-12.5,2.4,"19",18.7,6,-7.3,-1.4,"-19",0.9493975903614458,0.29397590361445786
"2022","Velasquez, Vince","592826","White Sox","CWS","R","93.2","570","1286",7.938271604938271,0.4432348367029549,"FF","4-Seam Fastball",13.1,-15.5,2.4,"15",18.5,5.2,-7.6,-2.5,"-32",0.9493975903614458,0.21686746987951808
"2022","Moore, Matt","519043","Rangers","TEX","L","93.9","561","1248",7.703703703703703,0.4495192307692308,"FF","4-Seam Fastball",13.2,-14.3,1.1,"8",18.1,9.1,-6.5,2.6,"39",0.7373493975903614,0.7566265060240964
"2022","Smith, Caleb","592761","D-backs","AZ","L","91.9","559","1234",7.617283950617284,0.4529983792544571,"FF","4-Seam Fastball",13.9,-15.3,1.4,"9",18.8,10.9,-6.5,4.4,"67",0.8265060240963855,0.9373493975903614
"2022","Sandoval, Patrick","663776","Angels","LAA","L","93.1","558","2456",15.160493827160494,0.2271986970684039,"FF","4-Seam Fastball",15.1,-14.9,-0.2,"-1",16.6,4,-6.6,-2.7,"-40",0.4867469879518072,0.19036144578313252
"2022","Knebel, Corey","608349","Phillies","PHI","R","95.6","555","795",4.907407407407407,0.6981132075471698,"FF","4-Seam Fastball",12.5,-13.7,1.3,"9",17.5,3.8,-7.3,-3.4,"-47",0.8072289156626506,0.1493975903614458
"2022","Minter, A.J.","621345","Braves","ATL","L","96.6","553","1111",6.8580246913580245,0.4977497749774977,"FF","4-Seam Fastball",12,-13.8,1.8,"13",17.3,6.5,-8.4,-1.9,"-23",0.891566265060241,0.26024096385542167
"2022","Strickland, Hunter","519326","Reds","CIN","R","95","552","1099",6.783950617283951,0.5022747952684259,"FF","4-Seam Fastball",16.8,-14.5,-2.4,"-17",13.5,5.2,-7.8,-2.7,"-34",0.13493975903614458,0.19036144578313252
"2022","Morgan, Eli","669212","Guardians","CLE","R","92.1","551","1017",6.277777777777778,0.5417895771878073,"FF","4-Seam Fastball",15.1,-15.8,0.7,"5",17.2,10.9,-7.2,3.7,"52",0.6337349397590362,0.8843373493975903
"2022","De Jong, Chase","608328","Pirates","PIT","R","92.8","550","1174",7.246913580246914,0.4684838160136286,"FF","4-Seam Fastball",13.2,-15,1.8,"12",18.7,1.2,-6.6,-5.4,"-81",0.891566265060241,0.02650602409638554
"2022","Helsley, Ryan","664854","Cardinals","STL","R","99.6","548","962",5.938271604938271,0.5696465696465697,"FF","4-Seam Fastball",9.5,-11.7,2.2,"19",18.1,2.8,-8.1,-5.3,"-66",0.9325301204819277,0.03132530120481928
"2022","Matzek, Tyler","554431","Braves","ATL","L","94","546","713",4.401234567901234,0.7657784011220197,"FF","4-Seam Fastball",13.4,-14.2,0.8,"5",17.5,3.8,-6.6,-2.8,"-42",0.655421686746988,0.18313253012048192
"2022","López, Reynaldo","625643","White Sox","CWS","R","97.1","542","985",6.080246913580247,0.550253807106599,"FF","4-Seam Fastball",12.1,-13.3,1.2,"9",17,7.2,-8.1,-0.9,"-11",0.7710843373493976,0.3421686746987952
"2022","Ruiz, José","614179","White Sox","CWS","R","96.9","530","1115",6.882716049382716,0.47533632286995514,"FF","4-Seam Fastball",12,-13,1,"7",17.1,7.1,-7.4,-0.3,"-4",0.7180722891566265,0.40481927710843374
"2022","Gray, Sonny","543243","Twins","MIN","R","92.1","527","1872",11.555555555555555,0.281517094017094,"FF","4-Seam Fastball",16.8,-16.4,-0.5,"-3",15.3,1.5,-8,-6.5,"-81",0.42168674698795183,0.01927710843373494
"2022","Givens, Mychal","571710","Mets","NYM","R","93.4","525","1026",6.333333333333333,0.5116959064327485,"FF","4-Seam Fastball",19.2,-17.8,-1.4,"-8",12,6.9,-9.8,-2.9,"-29",0.26265060240963856,0.1783132530120482
"2022","Stanek, Ryne","592773","Astros","HOU","R","98.3","523","895",5.5246913580246915,0.5843575418994413,"FF","4-Seam Fastball",10.8,-11.9,1.1,"10",17.7,10.2,-7.4,2.7,"37",0.7373493975903614,0.7686746987951807
"2022","Rodriguez, Eduardo","593958","Tigers","DET","L","91.7","522","1469",9.067901234567902,0.35534377127297484,"FF","4-Seam Fastball",17.9,-16.1,-1.8,"-11",14.5,6.8,-7.2,-0.4,"-5",0.20963855421686747,0.3927710843373494
"2022","Wright, Kyle","657140","Braves","ATL","R","95.2","517","2697",16.64814814814815,0.19169447534297368,"FF","4-Seam Fastball",17.7,-14.7,-3,"-21",12.5,11.5,-8.3,3.2,"39",0.07951807228915662,0.8361445783132531
"2022","Nelson, Nick","656793","Phillies","PHI","R","96.3","517","1204",7.432098765432099,0.42940199335548174,"FF","4-Seam Fastball",13.2,-13.8,0.6,"4",16.5,6.6,-8,-1.4,"-17",0.6168674698795181,0.29397590361445786
"2022","Harvey, Hunter","640451","Nationals","WSH","R","98.3","515","661",4.080246913580247,0.7791225416036308,"FF","4-Seam Fastball",11.1,-12.5,1.4,"11",17.3,9.1,-8.2,0.9,"11",0.8265060240963855,0.5807228915662651
"2022","McGee, Jake","459429","Nationals","WSH","L","94.3","514","629",3.882716049382716,0.8171701112877583,"FF","4-Seam Fastball",15.8,-14.9,-1,"-7",15,11.7,-7.8,3.8,"49",0.3421686746987952,0.9060240963855422
"2022","Richards, Trevor","670950","Blue Jays","TOR","R","93.4","512","1163",7.179012345679013,0.4402407566638005,"FF","4-Seam Fastball",11.4,-14.4,3,"21",20.1,7.4,-6.4,1.1,"17",0.983132530120482,0.6024096385542169
"2022","Martínez, Adrián","661309","Athletics","OAK","R","93.8","511","1015",6.265432098765432,0.503448275862069,"FF","4-Seam Fastball",22.8,-15.3,-7.5,"-49",8.4,17.3,-8.1,9.3,"114",0.0024096385542168677,1
"2022","Skubal, Tarik","669373","Tigers","DET","L","94.1","509","1914",11.814814814814815,0.2659352142110763,"FF","4-Seam Fastball",15,-14.2,-0.8,"-6",15.9,8.3,-6.6,1.6,"25",0.38072289156626504,0.6626506024096386
"2022","Lodolo, Nick","666157","Reds","CIN","L","94.4","506","1779",10.981481481481481,0.2844294547498595,"FF","4-Seam Fastball",20.1,-15.2,-5,"-33",10.8,16.5,-8.3,8.1,"98",0.016867469879518072,0.9975903614457832
"2022","Manning, Matt","666159","Tigers","DET","R","93.3","506","990",6.111111111111111,0.5111111111111111,"FF","4-Seam Fastball",15,-15.2,0.2,"2",16.4,2.9,-7.4,-4.5,"-61",0.563855421686747,0.060240963855421686
"2022","Duran, Jhoan","661395","Twins","MIN","R","100.8","504","1023",6.314814814814815,0.49266862170087977,"FF","4-Seam Fastball",12.9,-11.5,-1.4,"-12",14.1,11.7,-9.3,2.4,"25",0.26265060240963856,0.7325301204819277
"2022","Logue, Zach","656657","Athletics","OAK","L","90.1","504","1022",6.308641975308642,0.4931506849315068,"FF","4-Seam Fastball",20,-18.9,-1.1,"-6",13.8,10,-9.7,0.4,"4",0.3253012048192771,0.5084337349397591
"2022","De Los Santos, Enyel","660853","Guardians","CLE","R","95.3","503","845",5.216049382716049,0.5952662721893491,"FF","4-Seam Fastball",15.9,-14.7,-1.3,"-9",14.2,11.8,-8.5,3.4,"40",0.2819277108433735,0.8602409638554217
"2022","Faedo, Alex","656412","Tigers","DET","R","92.7","501","967",5.969135802469136,0.5180972078593589,"FF","4-Seam Fastball",14.9,-14.5,-0.4,"-3",17,11,-6.2,4.8,"77",0.43855421686746987,0.9542168674698795
"2022","Brebbia, John","605154","Giants","SF","R","94.4","500","1091",6.734567901234568,0.458295142071494,"FF","4-Seam Fastball",13.4,-14.5,1.2,"8",17.4,10.1,-7.4,2.7,"36",0.7710843373493976,0.7686746987951807
"2022","Crawford, Kutter","676710","Red Sox","BOS","R","94.6","499","1296",8,0.38503086419753085,"FF","4-Seam Fastball",11.6,-14.3,2.7,"19",19.2,10,-7.2,2.8,"39",0.9686746987951808,0.7903614457831325
"2022","Montero, Rafael","606160","Astros","HOU","R","96.4","499","1093",6.746913580246914,0.4565416285452882,"FF","4-Seam Fastball",13.8,-14.8,1,"7",15.9,9.3,-9.5,-0.2,"-2",0.7180722891566265,0.42168674698795183
"2022","Otto, Glenn","657248","Rangers","TEX","R","92.2","498","2229",13.75925925925926,0.2234185733512786,"FF","4-Seam Fastball",16.8,-15.3,-1.5,"-10",15.4,4.2,-6.5,-2.3,"-36",0.2457831325301205,0.22409638554216868
"2022","Sewald, Paul","623149","Mariners","SEA","R","92.5","496","974",6.012345679012346,0.5092402464065708,"FF","4-Seam Fastball",18.4,-19.2,0.8,"4",13.7,11.9,-9.7,2.1,"22",0.655421686746988,0.7012048192771084
"2022","Hernández, Carlos","672578","Royals","KC","R","96.7","493","1035",6.388888888888889,0.47632850241545893,"FF","4-Seam Fastball",12.1,-13,0.9,"7",17.2,8.1,-7.2,0.9,"12",0.6939759036144578,0.5807228915662651
"2022","Sampson, Adrian","592716","Cubs","CHC","R","92.5","493","1694",10.45679012345679,0.2910271546635183,"FF","4-Seam Fastball",17.3,-15.6,-1.7,"-11",14.7,10,-7.2,2.9,"40",0.21445783132530122,0.8024096385542169
"2022","Thielbar, Caleb","573204","Twins","MIN","L","92.8","492","996",6.148148148148148,0.4939759036144578,"FF","4-Seam Fastball",12.3,-15.1,2.8,"18",19.4,3.2,-6.8,-3.6,"-53",0.9734939759036144,0.14216867469879518
"2022","Diekman, Jake","518617","White Sox","CWS","L","95.7","486","1172",7.234567901234568,0.41467576791808874,"FF","4-Seam Fastball",17.5,-14.4,-3.1,"-22",12.6,15.7,-8.4,7.3,"87",0.0746987951807229,0.9951807228915662
"2022","Puk, A.J.","640462","Athletics","OAK","L","96.7","486","1072",6.617283950617284,0.4533582089552239,"FF","4-Seam Fastball",17.2,-13.5,-3.7,"-27",12.2,12.4,-8,4.5,"56",0.05301204819277108,0.944578313253012
"2022","Oller, Adam","670124","Athletics","OAK","R","93.3","485","1294",7.987654320987654,0.374806800618238,"FF","4-Seam Fastball",14.2,-15.1,0.9,"6",17.3,11.3,-7.2,4.1,"57",0.6939759036144578,0.9228915662650602
"2022","Davis, Austin","656354","Twins","MIN","L","94.1","484","1118",6.901234567901234,0.4329159212880143,"FF","4-Seam Fastball",15.8,-14.7,-1,"-7",15.2,10.4,-7.3,3,"41",0.3421686746987952,0.8144578313253013
"2022","Stephan, Trevor","663986","Guardians","CLE","R","96.5","484","1032",6.37037037037037,0.4689922480620155,"FF","4-Seam Fastball",15,-13.6,-1.3,"-10",14.4,11,-8,3,"38",0.2819277108433735,0.8144578313253013
"2022","Martin, Davis","663436","White Sox","CWS","R","94","482","1044",6.444444444444445,0.4616858237547893,"FF","4-Seam Fastball",14.6,-14.2,-0.4,"-3",16.3,6.3,-6.5,-0.2,"-3",0.43855421686746987,0.42168674698795183
"2022","Jackson, Zach","667427","Athletics","OAK","R","94.4","481","887",5.4753086419753085,0.5422773393461104,"FF","4-Seam Fastball",11.2,-12.8,1.6,"12",19.6,4.9,-6.3,-1.4,"-22",0.8578313253012049,0.29397590361445786
"2022","Beeks, Jalen","656222","Rays","TB","L","95","481","999",6.166666666666667,0.48148148148148145,"FF","4-Seam Fastball",12.5,-13.8,1.3,"9",17.9,5.1,-6.9,-1.8,"-26",0.8072289156626506,0.26506024096385544
"2022","Scott, Tanner","656945","Marlins","MIA","L","96.9","480","1273",7.8580246913580245,0.3770620581304006,"FF","4-Seam Fastball",12.6,-14.1,1.5,"11",16.6,5.3,-9,-3.7,"-41",0.8433734939759037,0.13012048192771083
"2022","Hernández, Elieser","622694","Marlins","MIA","R","91.6","480","1095",6.7592592592592595,0.4383561643835616,"FF","4-Seam Fastball",15.1,-17,1.9,"11",17.7,6.5,-8.5,-2,"-23",0.9060240963855422,0.25301204819277107
"2022","Swanson, Erik","657024","Mariners","SEA","R","93.6","479","880",5.432098765432099,0.5443181818181818,"FF","4-Seam Fastball",12.5,-14.1,1.6,"11",18.9,10,-6.1,3.9,"65",0.8578313253012049,0.9180722891566265
"2022","Luzardo, Jesús","666200","Marlins","MIA","L","96.3","478","1644",10.148148148148149,0.29075425790754256,"FF","4-Seam Fastball",14.6,-13.7,-0.9,"-7",15.1,13.8,-7.9,6,"76",0.363855421686747,0.9879518072289156
"2022","Romano, Jordan","605447","Blue Jays","TOR","R","96.9","476","989",6.104938271604938,0.48129423660262893,"FF","4-Seam Fastball",11.2,-12.3,1.1,"9",18.1,5.4,-6.8,-1.4,"-21",0.7373493975903614,0.29397590361445786
"2022","Stratton, Chris","608717","Cardinals","STL","R","92.8","474","1100",6.790123456790123,0.4309090909090909,"FF","4-Seam Fastball",16.9,-15.3,-1.6,"-11",14.6,3.6,-7,-3.4,"-48",0.23373493975903614,0.1493975903614458
"2022","Weems, Jordan","607179","Nationals","WSH","R","96.8","471","738",4.555555555555555,0.6382113821138211,"FF","4-Seam Fastball",11.1,-13,1.9,"15",18.2,6.8,-7.4,-0.6,"-8",0.9060240963855422,0.36626506024096384
"2022","Hill, Garrett","682051","Tigers","DET","R","92","471","1019",6.290123456790123,0.4622178606476938,"FF","4-Seam Fastball",16,-16.7,0.7,"4",16.4,9.9,-8.4,1.5,"18",0.6337349397590362,0.6506024096385542
"2022","Gallegos, Giovanny","606149","Cardinals","STL","R","94.3","471","988",6.098765432098766,0.4767206477732793,"FF","4-Seam Fastball",12.3,-13.1,0.7,"6",18.7,7.5,-6.5,1,"16",0.6337349397590362,0.5951807228915663
"2022","Maton, Phil","664208","Astros","HOU","R","91","466","1089",6.722222222222222,0.4279155188246097,"FF","4-Seam Fastball",16.9,-17.4,0.5,"3",16.1,1.3,-7.9,-6.6,"-83",0.6072289156626506,0.016867469879518072
"2022","García, Yimi","554340","Blue Jays","TOR","R","94.9","461","1039",6.41358024691358,0.4436958614051973,"FF","4-Seam Fastball",16.7,-15.8,-0.9,"-5",13.8,9.5,-10,-0.5,"-5",0.363855421686747,0.38313253012048193
"2022","Suárez, Ranger","624133","Phillies","PHI","L","93.2","460","2564",15.82716049382716,0.1794071762870515,"FF","4-Seam Fastball",20,-15.2,-4.8,"-32",11.5,6.7,-7.3,-0.6,"-9",0.02650602409638554,0.36626506024096384
"2022","Abreu, Bryan","650556","Astros","HOU","R","97.2","459","1019",6.290123456790123,0.450441609421001,"FF","4-Seam Fastball",12,-13.2,1.2,"9",17.2,6.3,-8.1,-1.8,"-23",0.7710843373493976,0.26506024096385544
"2022","Hudson, Dakota","641712","Cardinals","STL","R","91.3","458","2253",13.907407407407407,0.20328450954283178,"FF","4-Seam Fastball",24.3,-16,-8.3,"-52",8.5,4.2,-6.5,-2.3,"-35",0,0.22409638554216868
"2022","Wilson, Steven","621051","Padres","SD","R","95.1","456","874",5.395061728395062,0.5217391304347826,"FF","4-Seam Fastball",12.1,-14.4,2.4,"17",18.4,8,-7.9,0.1,"1",0.9493975903614458,0.4674698795180723
"2022","Bednar, David","670280","Pirates","PIT","R","96.4","452","842",5.197530864197531,0.5368171021377672,"FF","4-Seam Fastball",12.4,-13.5,1.1,"8",17.1,10.2,-7.7,2.5,"32",0.7373493975903614,0.7421686746987952
"2022","Cueto, Johnny","456501","White Sox","CWS","R","91.4","451","2372",14.641975308641975,0.19013490725126475,"FF","4-Seam Fastball",17.7,-16.5,-1.2,"-7",15.1,12.1,-7.7,4.4,"57",0.30843373493975906,0.9373493975903614
"2022","Winder, Josh","680739","Twins","MIN","R","94","450","1114",6.8765432098765435,0.40394973070017953,"FF","4-Seam Fastball",13.4,-14.3,0.9,"6",17.6,8.3,-6.9,1.4,"21",0.6939759036144578,0.6457831325301204
"2022","Smeltzer, Devin","656970","Twins","MIN","L","89.4","448","1129",6.969135802469136,0.39681133746678476,"FF","4-Seam Fastball",18.2,-17.2,-1,"-6",16.1,11.1,-6.5,4.6,"71",0.3421686746987952,0.946987951807229
"2022","Hughes, Brandon","676714","Cubs","CHC","L","93.2","448","973",6.006172839506172,0.460431654676259,"FF","4-Seam Fastball",16.8,-15.7,-1.1,"-7",14.8,13,-8.1,4.8,"59",0.3253012048192771,0.9542168674698795
"2022","Megill, Tylor","656731","Mets","NYM","R","95.7","448","791",4.882716049382716,0.5663716814159292,"FF","4-Seam Fastball",13.5,-13.4,-0.1,"-1",16.7,7.2,-7.3,0,"-1",0.5036144578313253,0.4506024096385542
"2022","Montgomery, Jordan","656756","Cardinals","STL","L","93","447","2715",16.75925925925926,0.16464088397790055,"FF","4-Seam Fastball",16.6,-14.1,-2.5,"-17",15,8.6,-5.8,2.8,"49",0.12289156626506025,0.7903614457831325
"2022","deGrom, Jacob","594798","Mets","NYM","R","98.9","446","940",5.802469135802469,0.474468085106383,"FF","4-Seam Fastball",11.3,-12.4,1.1,"9",16.8,9.5,-8.5,1,"12",0.7373493975903614,0.5951807228915663
"2022","Wilson, Bryse","669060","Pirates","PIT","R","92.7","441","1825",11.265432098765432,0.24164383561643835,"FF","4-Seam Fastball",17.4,-15.9,-1.6,"-10",14.4,8.5,-7.8,0.7,"9",0.23373493975903614,0.5469879518072289
"2022","Bush, Matt","456713","Brewers","MIL","R","97.3","440","909",5.611111111111111,0.48404840484048406,"FF","4-Seam Fastball",10,-13.6,3.6,"26",19,6.7,-8.8,-2.1,"-24",1,0.24819277108433735
"2022","Stephenson, Robert","596112","Pirates","PIT","R","96.8","436","914",5.6419753086419755,0.47702407002188185,"FF","4-Seam Fastball",14,-13.5,-0.5,"-4",15.1,11.4,-8.2,3.2,"39",0.42168674698795183,0.8361445783132531
"2022","Acevedo, Domingo","642758","Athletics","OAK","R","93","435","1005",6.203703703703703,0.43283582089552236,"FF","4-Seam Fastball",18.4,-16,-2.4,"-15",13.3,13.7,-8.8,5,"57",0.13493975903614458,0.9710843373493976
"2022","Brasier, Ryan","518489","Red Sox","BOS","R","95.9","433","985",6.080246913580247,0.43959390862944164,"FF","4-Seam Fastball",13.2,-14,0.7,"5",16.6,7.1,-7.9,-0.9,"-11",0.6337349397590362,0.3421686746987952
"2022","Pineda, Michael","501381","Tigers","DET","R","89.9","433","731",4.512345679012346,0.5923392612859097,"FF","4-Seam Fastball",19.8,-16.4,-3.4,"-20",14.1,5.5,-5.5,0,"0",0.06265060240963856,0.4506024096385542
"2022","Henry, Tommy","674072","D-backs","AZ","L","91.6","431","773",4.771604938271605,0.5575679172056921,"FF","4-Seam Fastball",17.6,-16.4,-1.2,"-7",15.1,7.2,-7.4,-0.2,"-2",0.30843373493975906,0.42168674698795183
"2022","Abbott, Cory","676265","Nationals","WSH","R","91.3","430","845",5.216049382716049,0.5088757396449705,"FF","4-Seam Fastball",15.8,-16.8,0.9,"6",17.2,11.5,-8,3.6,"45",0.6939759036144578,0.8771084337349397
"2022","Megill, Trevor","656730","Twins","MIN","R","98.1","428","774",4.777777777777778,0.5529715762273901,"FF","4-Seam Fastball",11.7,-11.8,0,"0",16.6,4.3,-6.6,-2.3,"-35",0.5204819277108433,0.22409638554216868
"2022","Neris, Héctor","593576","Astros","HOU","R","94.3","427","1012",6.246913580246914,0.42193675889328064,"FF","4-Seam Fastball",14,-14.7,0.8,"5",17.1,10.6,-7.6,3,"40",0.655421686746988,0.8144578313253013
"2022","Martinez, Nick","607259","Padres","SD","R","93.4","426","1720",10.617283950617283,0.24767441860465117,"FF","4-Seam Fastball",14,-15,1,"7",17.6,7.1,-7.1,-0.1,"-1",0.7180722891566265,0.44096385542168676
"2022","Oviedo, Johan","670912","Pirates","PIT","R","96","425","980",6.049382716049383,0.4336734693877551,"FF","4-Seam Fastball",19.5,-14.5,-5,"-35",10.1,8.7,-8.7,0,"-1",0.016867469879518072,0.4506024096385542
"2022","Corbin, Patrick","571578","Nationals","WSH","L","92","422","2623",16.191358024691358,0.16088448341593595,"FF","4-Seam Fastball",17.5,-14.8,-2.7,"-18",14.9,8,-5.7,2.3,"41",0.09879518072289156,0.7204819277108434
"2022","Karinchak, James","675916","Guardians","CLE","R","95.2","420","704",4.345679012345679,0.5965909090909091,"FF","4-Seam Fastball",9.5,-12.9,3.4,"26",20.8,1.9,-6.2,-4.3,"-70",0.9951807228915662,0.07710843373493977
"2022","Ober, Bailey","641927","Twins","MIN","R","91.5","419","854",5.271604938271605,0.49063231850117095,"FF","4-Seam Fastball",15.3,-15.9,0.6,"4",17.5,8.5,-6.6,1.9,"29",0.6168674698795181,0.6819277108433734
"2022","Weaver, Luke","596133","Royals","KC","R","94.9","418","721",4.450617283950617,0.579750346740638,"FF","4-Seam Fastball",14.1,-14.8,0.7,"4",16.3,8.9,-8.3,0.6,"8",0.6337349397590362,0.5373493975903615
"2022","Hoffman, Jeff","656546","Reds","CIN","R","94.3","414","848",5.234567901234568,0.4882075471698113,"FF","4-Seam Fastball",13.7,-14.4,0.6,"4",17.2,10.6,-7,3.7,"53",0.6168674698795181,0.8843373493975903
"2022","Pepiot, Ryan","686752","Dodgers","LAD","R","94","413","737",4.549382716049383,0.5603799185888738,"FF","4-Seam Fastball",12.9,-14.9,2,"13",18.1,9.9,-7.6,2.3,"30",0.9180722891566265,0.7204819277108434
"2022","Sawamura, Hirokazu","617228","Red Sox","BOS","R","95.9","409","838",5.172839506172839,0.4880668257756563,"FF","4-Seam Fastball",14,-14.1,0.1,"1",15.8,8.8,-8.1,0.6,"8",0.5445783132530121,0.5373493975903615
"2022","Smith, Drew","622098","Mets","NYM","R","95.7","409","780",4.814814814814815,0.5243589743589744,"FF","4-Seam Fastball",11.4,-14.3,2.9,"20",18.6,7,-8.3,-1.3,"-16",0.980722891566265,0.3036144578313253
"2022","Mayers, Mike","594577","Angels","LAA","R","93.5","408","890",5.493827160493828,0.4584269662921348,"FF","4-Seam Fastball",15,-15.5,0.4,"3",16.4,11,-8,3,"38",0.5903614457831325,0.8144578313253013
"2022","Wantz, Andrew","681806","Angels","LAA","R","93.8","408","831",5.12962962962963,0.49097472924187724,"FF","4-Seam Fastball",13.6,-14.5,1,"7",17.5,3,-6.8,-3.8,"-56",0.7180722891566265,0.1180722891566265
"2022","Murfee, Penn","682171","Mariners","SEA","R","89","407","1003",6.191358024691358,0.4057826520438684,"FF","4-Seam Fastball",26.7,-25.1,-1.6,"-6",7.8,2.9,-7.3,-4.4,"-61",0.23373493975903614,0.06987951807228916
"2022","Smith, Will","519293","Astros","HOU","L","92.1","406","985",6.080246913580247,0.4121827411167513,"FF","4-Seam Fastball",15.3,-14.7,-0.7,"-5",17,8.6,-5.9,2.7,"46",0.38795180722891565,0.7686746987951807
"2022","Pérez, Cionel","672335","Orioles","BAL","L","97","405","901",5.561728395061729,0.44950055493895674,"FF","4-Seam Fastball",12.8,-13.9,1.2,"8",16.4,6.3,-8.9,-2.6,"-30",0.7710843373493976,0.20481927710843373
"2022","Banks, Tanner","621383","White Sox","CWS","L","92.9","403","897",5.537037037037037,0.4492753623188406,"FF","4-Seam Fastball",15.5,-14.8,-0.8,"-5",16.1,1.9,-6.5,-4.6,"-71",0.38072289156626504,0.05542168674698795
"2022","Williams, Devin","642207","Brewers","MIL","R","93.9","401","1068",6.592592592592593,0.37546816479400746,"FF","4-Seam Fastball",14.5,-15.3,0.8,"5",16.7,12.2,-8.6,3.5,"41",0.655421686746988,0.8698795180722891
"2022","Foster, Matt","641582","White Sox","CWS","R","93.7","400","768",4.7407407407407405,0.5208333333333334,"FF","4-Seam Fastball",12.6,-14.8,2.2,"15",18.6,5.8,-7.1,-1.3,"-19",0.9325301204819277,0.3036144578313253
"2022","García, Rony","665621","Tigers","DET","R","92.9","391","885",5.462962962962963,0.44180790960451977,"FF","4-Seam Fastball",18,-17.6,-0.4,"-2",13.8,10.6,-9.9,0.7,"7",0.43855421686746987,0.5469879518072289
"2022","Jax, Griffin","643377","Twins","MIN","R","95.4","389","1157",7.1419753086419755,0.3362143474503025,"FF","4-Seam Fastball",13.5,-14.5,1,"7",16.6,8.6,-8.2,0.3,"4",0.7180722891566265,0.5012048192771085
"2022","Bellatti, Andrew","571479","Phillies","PHI","R","94.4","389","963",5.944444444444445,0.4039460020768432,"FF","4-Seam Fastball",14.2,-15.3,1.1,"7",16.8,10.5,-8.6,1.9,"22",0.7373493975903614,0.6819277108433734
"2022","Festa, Matt","670036","Mariners","SEA","R","92.6","388","897",5.537037037037037,0.43255295429208473,"FF","4-Seam Fastball",17.6,-17.3,-0.3,"-2",14.3,4.8,-9.5,-4.7,"-50",0.46265060240963857,0.04819277108433735
"2022","Ferguson, Caleb","657571","Dodgers","LAD","L","94.8","388","580",3.580246913580247,0.6689655172413793,"FF","4-Seam Fastball",14.5,-14.7,0.2,"1",15.9,6.2,-7.9,-1.8,"-22",0.563855421686747,0.26506024096385544
"2022","Díaz, Edwin","621242","Mets","NYM","R","99.1","386","928",5.728395061728395,0.41594827586206895,"FF","4-Seam Fastball",14.5,-14.8,0.2,"2",13.6,13.5,-11.7,1.8,"15",0.563855421686747,0.672289156626506
"2022","Littell, Zack","641793","Giants","SF","R","94.5","383","758",4.679012345679013,0.5052770448548812,"FF","4-Seam Fastball",12.6,-13.8,1.3,"9",18.1,6.2,-6.4,-0.1,"-2",0.8072289156626506,0.44096385542168676
"2022","Bassitt, Chris","605135","Mets","NYM","R","93.2","382","2886",17.814814814814813,0.13236313236313235,"FF","4-Seam Fastball",17.8,-15.8,-2,"-13",13.6,5.6,-8.2,-2.6,"-32",0.18072289156626506,0.20481927710843373
"2022","Rucker, Michael","621074","Cubs","CHC","R","94.7","377","914",5.6419753086419755,0.412472647702407,"FF","4-Seam Fastball",14.5,-14.9,0.4,"3",16.1,7.4,-8.1,-0.7,"-9",0.5903614457831325,0.3614457831325301
"2022","Davies, Zach","605200","D-backs","AZ","R","89.7","377","2292",14.148148148148149,0.16448516579406633,"FF","4-Seam Fastball",19.3,-17.5,-1.7,"-10",14.9,13.4,-7.6,5.9,"77",0.21445783132530122,0.983132530120482
"2022","Chapman, Aroldis","547973","Yankees","NYY","L","97.5","377","679",4.191358024691358,0.5552282768777614,"FF","4-Seam Fastball",11,-12.3,1.3,"10",17.9,4.5,-6.8,-2.3,"-34",0.8072289156626506,0.22409638554216868
"2022","Davidson, Tucker","656353","Angels","LAA","L","93.1","376","912",5.62962962962963,0.41228070175438597,"FF","4-Seam Fastball",14.3,-14.7,0.4,"3",17.2,3.5,-6.5,-3,"-46",0.5903614457831325,0.1710843373493976
"2022","Alexander, Tyler","641302","Tigers","DET","L","90","373","1591",9.820987654320987,0.23444374607165305,"FF","4-Seam Fastball",15.9,-17,1.2,"7",17.9,7.7,-6.9,0.7,"11",0.7710843373493976,0.5469879518072289
"2022","Morejon, Adrian","670970","Padres","SD","L","96.9","373","540",3.3333333333333335,0.6907407407407408,"FF","4-Seam Fastball",12.2,-13.2,1.1,"8",17,6.8,-7.8,-1,"-12",0.7373493975903614,0.3349397590361446
"2022","Falter, Bailey","663559","Phillies","PHI","L","91.5","369","1295",7.993827160493828,0.28494208494208495,"FF","4-Seam Fastball",13.6,-16,2.4,"15",19.2,0.8,-6.5,-5.7,"-87",0.9493975903614458,0.024096385542168676
"2022","Martin, Chris","455119","Dodgers","LAD","R","95.3","368","858",5.296296296296297,0.4289044289044289,"FF","4-Seam Fastball",15.9,-13.7,-2.2,"-16",14.3,7.8,-6.9,0.9,"14",0.163855421686747,0.5807228915662651
"2022","Farmer, Buck","571656","Reds","CIN","R","94.6","368","855",5.277777777777778,0.4304093567251462,"FF","4-Seam Fastball",15.3,-14.4,-0.9,"-6",15.3,10.1,-7.4,2.7,"36",0.363855421686747,0.7686746987951807
"2022","Rainey, Tanner","663432","Nationals","WSH","R","97","365","521",3.2160493827160495,0.7005758157389635,"FF","4-Seam Fastball",11,-13,1.9,"15",18.3,8.7,-7.4,1.3,"17",0.9060240963855422,0.6265060240963856
"2022","Clarke, Taylor","664199","Royals","KC","R","95.6","364","859",5.302469135802469,0.42374854481955765,"FF","4-Seam Fastball",12.3,-13.8,1.5,"11",17.7,5.5,-7.3,-1.7,"-24",0.8433734939759037,0.27228915662650605
"2022","Staumont, Josh","622251","Royals","KC","R","96.1","363","731",4.512345679012346,0.49658002735978113,"FF","4-Seam Fastball",11.5,-12.9,1.4,"11",18.1,2.7,-6.4,-3.7,"-57",0.8265060240963855,0.13012048192771083
"2022","Buehler, Walker","621111","Dodgers","LAD","R","95.2","363","1046",6.45679012345679,0.34703632887189295,"FF","4-Seam Fastball",13.3,-14.5,1.2,"8",16.9,6,-8.1,-2.1,"-26",0.7710843373493976,0.24819277108433735
"2022","Cimber, Adam","643256","Blue Jays","TOR","R","86.5","363","1044",6.444444444444445,0.34770114942528735,"FF","4-Seam Fastball",31.7,-31.6,0,"0",5.2,10.8,-10.9,0,"0",0.5204819277108433,0.4506024096385542
"2022","Lambert, Jimmy","669424","White Sox","CWS","R","94.3","360","818",5.049382716049383,0.4400977995110024,"FF","4-Seam Fastball",12.7,-14.4,1.7,"12",18,7.8,-7.1,0.6,"9",0.8771084337349397,0.5373493975903615
"2022","Muñoz, Andrés","662253","Mariners","SEA","R","100.2","359","1024",6.320987654320987,0.3505859375,"FF","4-Seam Fastball",13.9,-12.6,-1.3,"-10",13.4,12,-10,2.1,"21",0.2819277108433735,0.7012048192771084
"2022","Suarez, Robert","663158","Padres","SD","R","98","357","801",4.944444444444445,0.44569288389513106,"FF","4-Seam Fastball",11.5,-12.3,0.8,"7",17.2,7.4,-7.4,0.1,"1",0.655421686746988,0.4674698795180723
"2022","Hendricks, Kyle","543294","Cubs","CHC","R","86.9","357","1347",8.314814814814815,0.2650334075723831,"FF","4-Seam Fastball",20.4,-18.7,-1.7,"-9",15.9,6,-5.8,0.2,"3",0.21445783132530122,0.4891566265060241
"2022","Iglesias, Raisel","628452","Braves","ATL","R","95","357","979",6.04320987654321,0.36465781409601633,"FF","4-Seam Fastball",15.1,-15.1,0,"0",15.3,10.5,-8.7,1.8,"21",0.5204819277108433,0.672289156626506
"2022","Howard, Spencer","675921","Rangers","TEX","R","94.4","348","692",4.271604938271605,0.5028901734104047,"FF","4-Seam Fastball",14.4,-14.2,-0.2,"-1",16.5,7.6,-6.8,0.8,"12",0.4867469879518072,0.5614457831325301
"2022","Garrett, Braxton","666129","Marlins","MIA","L","91.5","348","1436",8.864197530864198,0.24233983286908078,"FF","4-Seam Fastball",16.9,-15.9,-1.1,"-7",15.9,9.2,-6.5,2.7,"41",0.3253012048192771,0.7686746987951807
"2022","Soto, Gregory","642397","Tigers","DET","L","98.7","348","1102",6.802469135802469,0.3157894736842105,"FF","4-Seam Fastball",14.5,-12.6,-1.9,"-15",13.7,11.2,-8.6,2.6,"30",0.1927710843373494,0.7566265060240964
"2022","Norris, Daniel","596057","Tigers","DET","L","91.2","346","1012",6.246913580246914,0.34189723320158105,"FF","4-Seam Fastball",15.5,-16.4,0.8,"5",17.4,7.4,-7.1,0.3,"4",0.655421686746988,0.5012048192771085
"2022","Moran, Jovani","663558","Twins","MIN","L","93.4","343","672",4.148148148148148,0.5104166666666666,"FF","4-Seam Fastball",13.4,-15.2,1.8,"12",18,2.9,-7.4,-4.5,"-60",0.891566265060241,0.060240963855421686
"2022","Thompson, Zach","605507","Pirates","PIT","R","92.3","343","2080",12.839506172839506,0.16490384615384615,"FF","4-Seam Fastball",18.1,-14.4,-3.7,"-26",13.9,2.1,-5.9,-3.8,"-65",0.05301204819277108,0.1180722891566265
"2022","Moronta, Reyes","606625","D-backs","AZ","R","95.3","342","641",3.95679012345679,0.5335413416536662,"FF","4-Seam Fastball",13.6,-14.8,1.1,"8",16.4,6.1,-8.6,-2.5,"-29",0.7373493975903614,0.21686746987951808
"2022","Phelps, David","475479","Blue Jays","TOR","R","93.2","342","1151",7.104938271604938,0.29713292788879236,"FF","4-Seam Fastball",13.7,-14.8,1.2,"8",18.1,8.8,-7.3,1.5,"21",0.7710843373493976,0.6506024096385542
"2022","Lee, Dylan","669276","Braves","ATL","L","92.1","342","754",4.654320987654321,0.4535809018567639,"FF","4-Seam Fastball",12.7,-14.9,2.2,"15",19.6,7,-5.8,1.2,"20",0.9325301204819277,0.6120481927710844
"2022","Gutierrez, Vladimir","661269","Reds","CIN","R","92.8","340","684",4.222222222222222,0.49707602339181284,"FF","4-Seam Fastball",17.7,-16.7,-1,"-6",14.2,12,-9.2,2.8,"31",0.3421686746987952,0.7903614457831325
"2022","Stephens, Jackson","623451","Braves","ATL","R","94.1","339","944",5.827160493827161,0.3591101694915254,"FF","4-Seam Fastball",16.3,-14.4,-1.9,"-13",14.5,6.1,-7,-0.9,"-14",0.1927710843373494,0.3421686746987952
"2022","Krehbiel, Joey","607216","Orioles","BAL","R","94.4","339","977",6.030864197530864,0.34698055271238487,"FF","4-Seam Fastball",15,-14.6,-0.4,"-3",15.8,9.9,-7.5,2.4,"32",0.43855421686746987,0.7325301204819277
"2022","Lorenzen, Michael","547179","Angels","LAA","R","94.7","336","1654",10.209876543209877,0.20314389359129384,"FF","4-Seam Fastball",15.6,-15,-0.6,"-4",15,11.7,-8.4,3.3,"39",0.4,0.8481927710843373
"2022","Marinaccio, Ron","676760","Yankees","NYY","R","94.6","335","757",4.672839506172839,0.4425363276089828,"FF","4-Seam Fastball",13.6,-15.3,1.7,"11",17.1,12.5,-8.7,3.8,"43",0.8771084337349397,0.9060240963855422
"2022","Castillo, Max","666721","Royals","KC","R","93","334","697",4.302469135802469,0.47919655667144906,"FF","4-Seam Fastball",17.5,-15,-2.5,"-17",14.3,13,-6.8,6.2,"91",0.12289156626506025,0.9927710843373494
"2022","Brash, Matt","666374","Mariners","SEA","R","96.9","334","935",5.771604938271605,0.3572192513368984,"FF","4-Seam Fastball",15.3,-14.3,-1,"-7",14,11.5,-9.2,2.3,"25",0.3421686746987952,0.7204819277108434
"2022","Houser, Adrian","605288","Brewers","MIL","R","94.3","333","1848",11.407407407407407,0.18019480519480519,"FF","4-Seam Fastball",15.5,-14.2,-1.3,"-9",15.4,9.5,-6.7,2.7,"41",0.2819277108433735,0.7686746987951807
"2022","Moreta, Dauri","664294","Reds","CIN","R","96","332","613",3.7839506172839505,0.5415986949429038,"FF","4-Seam Fastball",12.3,-13.9,1.6,"12",17.5,9.9,-7.8,2,"26",0.8578313253012049,0.6939759036144578
"2022","Cishek, Steve","518553","Nationals","WSH","R","89.3","332","1175",7.253086419753086,0.2825531914893617,"FF","4-Seam Fastball",23.1,-22.9,-0.2,"-1",11.3,12,-11.2,0.8,"7",0.4867469879518072,0.5614457831325301
"2022","Waldichuk, Ken","686610","Athletics","OAK","L","94.1","331","586",3.617283950617284,0.5648464163822525,"FF","4-Seam Fastball",15.4,-14.9,-0.5,"-4",15.7,10.5,-7.8,2.7,"35",0.42168674698795183,0.7686746987951807
"2022","Cotton, Jharel","605194","Giants","SF","R","92.7","331","741",4.574074074074074,0.446693657219973,"FF","4-Seam Fastball",13,-15,2,"14",18.9,8.3,-7,1.3,"18",0.9180722891566265,0.6265060240963856
"2022","Zimmermann, Bruce","669145","Orioles","BAL","L","90.6","330","1130",6.9753086419753085,0.2920353982300885,"FF","4-Seam Fastball",16.6,-16.3,-0.3,"-2",16.7,8,-6.2,1.8,"29",0.46265060240963857,0.672289156626506
"2022","Gibson, Kyle","502043","Phillies","PHI","R","92","328","2739",16.90740740740741,0.11975173420956553,"FF","4-Seam Fastball",16.4,-14.9,-1.5,"-10",16,6.3,-5.8,0.4,"8",0.2457831325301205,0.5084337349397591
"2022","Ortega, Oliver","661383","Angels","LAA","R","95.9","328","567",3.5,0.5784832451499118,"FF","4-Seam Fastball",15.2,-13.8,-1.4,"-10",14.6,2.2,-7.5,-5.3,"-71",0.26265060240963856,0.03132530120481928
"2022","Strzelecki, Peter","657265","Brewers","MIL","R","93.5","322","605",3.734567901234568,0.5322314049586777,"FF","4-Seam Fastball",17.6,-16.1,-1.4,"-9",13.8,11.5,-9,2.5,"28",0.26265060240963856,0.7421686746987952
"2022","Barnes, Matt","598264","Red Sox","BOS","R","94.9","320","693",4.277777777777778,0.46176046176046176,"FF","4-Seam Fastball",13.8,-13.7,-0.1,"0",16.7,11,-6.7,4.3,"64",0.5036144578313253,0.9301204819277108
"2022","Long, Sam","669674","Giants","SF","L","94.6","319","739",4.561728395061729,0.4316644113667118,"FF","4-Seam Fastball",12.4,-14.3,1.9,"13",18.2,7.7,-7.1,0.5,"8",0.9060240963855422,0.5228915662650603
"2022","Lugo, Seth","607625","Mets","NYM","R","94.4","317","1079",6.660493827160494,0.293790546802595,"FF","4-Seam Fastball",13.4,-15,1.6,"11",17.4,8.3,-8.1,0.2,"3",0.8578313253012049,0.4891566265060241
"2022","Ort, Kaleb","672391","Red Sox","BOS","R","96.3","316","529",3.265432098765432,0.5973534971644613,"FF","4-Seam Fastball",12.9,-14.2,1.2,"9",16.7,9.4,-8.6,0.8,"9",0.7710843373493976,0.5614457831325301
"2022","Flaherty, Jack","656427","Cardinals","STL","R","93.4","312","662",4.08641975308642,0.47129909365558914,"FF","4-Seam Fastball",17.4,-15.9,-1.4,"-9",13.9,3.6,-8.5,-4.9,"-58",0.26265060240963856,0.04096385542168675
"2022","Ramirez, Noé","598287","D-backs","AZ","R","89.8","311","837",5.166666666666667,0.3715651135005974,"FF","4-Seam Fastball",22.6,-20.2,-2.4,"-12",11.4,10.4,-9.7,0.7,"7",0.13493975903614458,0.5469879518072289
"2022","Thompson, Zack","668868","Cardinals","STL","L","94.7","311","575",3.549382716049383,0.5408695652173913,"FF","4-Seam Fastball",14.5,-14.2,-0.3,"-2",15.9,7.9,-7.3,0.6,"8",0.46265060240963857,0.5373493975903615
"2022","Ragans, Cole","666142","Rangers","TEX","L","92.1","311","706",4.3580246913580245,0.4405099150141643,"FF","4-Seam Fastball",14,-14.7,0.7,"5",18.5,10.7,-6,4.7,"79",0.6337349397590362,0.9493975903614458
"2022","Domínguez, Seranthony","622554","Phillies","PHI","R","97.7","309","823",5.080246913580247,0.3754556500607533,"FF","4-Seam Fastball",14.7,-13.4,-1.3,"-10",14,3.2,-9,-5.8,"-65",0.2819277108433735,0.021686746987951807
"2022","Okert, Steven","595345","Marlins","MIA","L","93.7","309","968",5.9753086419753085,0.31921487603305787,"FF","4-Seam Fastball",16.5,-15,-1.5,"-10",14.9,10,-7.5,2.5,"34",0.2457831325301205,0.7421686746987952
"2022","Wentz, Joey","666214","Tigers","DET","L","92.4","306","555",3.425925925925926,0.5513513513513514,"FF","4-Seam Fastball",15.6,-15,-0.6,"-4",16.6,11.9,-6.3,5.7,"90",0.4,0.980722891566265
"2022","Sulser, Cole","642121","Marlins","MIA","R","91.9","306","619",3.8209876543209877,0.49434571890145396,"FF","4-Seam Fastball",14.5,-15.9,1.4,"9",18,7.6,-7,0.7,"10",0.8265060240963855,0.5469879518072289
"2022","Machado, Andrés","600921","Nationals","WSH","R","95.6","304","997",6.154320987654321,0.3049147442326981,"FF","4-Seam Fastball",13.6,-14.3,0.7,"5",16.4,7.1,-8.2,-1.2,"-14",0.6337349397590362,0.3132530120481928
"2022","Armstrong, Shawn","542888","Rays","TB","R","95.3","303","1047",6.462962962962963,0.28939828080229224,"FF","4-Seam Fastball",14.2,-14,-0.1,"-1",16,5.2,-7.5,-2.2,"-30",0.5036144578313253,0.2385542168674699
"2022","Leone, Dominic","608678","Giants","SF","R","95.5","303","826",5.098765432098766,0.3668280871670702,"FF","4-Seam Fastball",14.4,-14,-0.3,"-2",15.6,6.1,-7.7,-1.6,"-21",0.46265060240963857,0.2819277108433735
"2022","Schreiber, John","670167","Red Sox","BOS","R","94.4","302","1020",6.296296296296297,0.296078431372549,"FF","4-Seam Fastball",21.6,-19,-2.6,"-14",9,10.3,-10.6,-0.2,"-2",0.1108433734939759,0.42168674698795183
"2022","Syndergaard, Noah","592789","Phillies","PHI","R","94.1","302","2026",12.506172839506172,0.14906219151036526,"FF","4-Seam Fastball",16.7,-14,-2.6,"-19",14.3,5.8,-6.4,-0.5,"-9",0.1108433734939759,0.38313253012048193
"2022","Adam, Jason","592094","Rays","TB","R","94.8","302","942",5.814814814814815,0.3205944798301486,"FF","4-Seam Fastball",13,-14.3,1.4,"9",17.6,6.9,-7.4,-0.6,"-8",0.8265060240963855,0.36626506024096384
"2022","Gibaut, Ian","664139","Reds","CIN","R","95.8","299","694",4.283950617283951,0.430835734870317,"FF","4-Seam Fastball",12.5,-13.6,1.1,"8",17.4,4.7,-7.4,-2.7,"-37",0.7373493975903614,0.19036144578313252
"2022","Germán, Domingo","593334","Yankees","NYY","R","92.7","297","1081",6.672839506172839,0.27474560592044406,"FF","4-Seam Fastball",15.7,-16.4,0.8,"5",16.3,11.1,-8.9,2.2,"24",0.655421686746988,0.7156626506024096
"2022","Sands, Cole","663485","Twins","MIN","R","91.6","294","603",3.7222222222222223,0.48756218905472637,"FF","4-Seam Fastball",20,-16.8,-3.2,"-19",12.5,8.7,-8.3,0.4,"4",0.06506024096385542,0.5084337349397591
"2022","Strahm, Matt","621381","Red Sox","BOS","L","94.2","293","764",4.716049382716049,0.38350785340314136,"FF","4-Seam Fastball",15.2,-15.5,0.4,"2",15.9,13.5,-8.7,4.8,"55",0.5903614457831325,0.9542168674698795
"2022","Wainwright, Adam","425794","Cardinals","STL","R","88","289","3133",19.339506172839506,0.09224385572933291,"FF","4-Seam Fastball",20.1,-17.8,-2.2,"-12",15.1,1.3,-5.7,-4.4,"-78",0.163855421686747,0.06987951807228916
"2022","Barlow, Scott","605130","Royals","KC","R","93.6","287","1198",7.395061728395062,0.2395659432387312,"FF","4-Seam Fastball",19.1,-16.1,-3,"-18",11.9,3.7,-8.9,-5.1,"-58",0.07951807228915662,0.03855421686746988
"2022","Leclerc, José","600917","Rangers","TEX","R","96.5","285","782",4.827160493827161,0.36445012787723785,"FF","4-Seam Fastball",11.3,-13.8,2.4,"18",18.1,4,-7.7,-3.8,"-49",0.9493975903614458,0.1180722891566265
"2022","Garrett, Amir","607237","Royals","KC","L","94.2","283","804",4.962962962962963,0.35199004975124376,"FF","4-Seam Fastball",16.3,-14.6,-1.7,"-12",14.5,10.9,-7.2,3.7,"51",0.21445783132530122,0.8843373493975903
"2022","Quantrill, Cal","615698","Guardians","CLE","R","93.9","283","2920",18.02469135802469,0.09691780821917809,"FF","4-Seam Fastball",14.1,-14,-0.2,"-1",16.9,9.1,-6.2,2.9,"47",0.4867469879518072,0.8024096385542169
"2022","Tepera, Ryan","572193","Angels","LAA","R","92.6","282","892",5.506172839506172,0.31614349775784756,"FF","4-Seam Fastball",15.1,-15.7,0.6,"4",16.9,7.2,-7.4,-0.2,"-2",0.6168674698795181,0.42168674698795183
"2022","Newcomb, Sean","656794","Cubs","CHC","L","94.3","281","552",3.4074074074074074,0.5090579710144928,"FF","4-Seam Fastball",14,-13.8,-0.2,"-2",16.8,5.8,-6.5,-0.7,"-11",0.4867469879518072,0.3614457831325301
"2022","Pruitt, Austin","643493","Athletics","OAK","R","91.4","279","809",4.993827160493828,0.34487021013597036,"FF","4-Seam Fastball",17.9,-16.2,-1.7,"-11",14.8,3.2,-7.2,-4,"-55",0.21445783132530122,0.10120481927710843
"2022","Hentges, Sam","656529","Guardians","CLE","L","95.9","278","944",5.827160493827161,0.2944915254237288,"FF","4-Seam Fastball",14.2,-12.9,-1.3,"-10",15.6,8.1,-6.2,1.9,"31",0.2819277108433735,0.6819277108433734
"2022","Thornton, Trent","663423","Blue Jays","TOR","R","93.8","277","664",4.098765432098766,0.4171686746987952,"FF","4-Seam Fastball",13.1,-15.1,2,"13",18.1,2.5,-7.7,-5.2,"-67",0.9180722891566265,0.03614457831325301
"2022","Baumann, Mike","657508","Orioles","BAL","R","95.8","275","580",3.580246913580247,0.47413793103448276,"FF","4-Seam Fastball",11.9,-13,1.2,"9",18.1,5.6,-6.4,-0.8,"-12",0.7710843373493976,0.3542168674698795
"2022","Rodriguez, Elvin","660730","Tigers","DET","R","93.1","274","534",3.2962962962962963,0.5131086142322098,"FF","4-Seam Fastball",13.3,-14.9,1.6,"11",18.5,8.9,-6.8,2.1,"31",0.8578313253012049,0.7012048192771084
"2022","Duffey, Tyler","608648","Twins","MIN","R","92.3","273","741",4.574074074074074,0.3684210526315789,"FF","4-Seam Fastball",16.4,-15.4,-1,"-7",15.7,4.4,-6.6,-2.2,"-33",0.3421686746987952,0.2385542168674699
"2022","Warren, Art","605521","Reds","CIN","R","93.5","270","655",4.04320987654321,0.4122137404580153,"FF","4-Seam Fastball",15.5,-15.1,-0.4,"-2",15.8,5.7,-7.4,-1.7,"-23",0.43855421686746987,0.27228915662650605
"2022","Lamet, Dinelson","659275","Rockies","COL","R","95.4","261","583",3.5987654320987654,0.44768439108061747,"FF","4-Seam Fastball",15.4,-13.9,-1.5,"-11",14.6,6,-7.3,-1.2,"-17",0.2457831325301205,0.3132530120481928
"2022","Payamps, Joel","606303","Athletics","OAK","R","94.8","261","952",5.8765432098765435,0.27415966386554624,"FF","4-Seam Fastball",14.7,-14.6,-0.1,"-1",15.7,9,-7.8,1.2,"15",0.5036144578313253,0.6120481927710844
"2022","Swarmer, Matt","664161","Cubs","CHC","R","90.5","257","657",4.055555555555555,0.3911719939117199,"FF","4-Seam Fastball",18.1,-15.6,-2.5,"-16",15.2,4.1,-5.5,-1.3,"-24",0.12289156626506025,0.3036144578313253
"2022","Cessa, Luis","570666","Reds","CIN","R","93.3","252","1235",7.6234567901234565,0.2040485829959514,"FF","4-Seam Fastball",16.8,-14.9,-1.9,"-13",14.6,7.6,-7.1,0.5,"7",0.1927710843373494,0.5228915662650603
"2022","Yarbrough, Ryan","642232","Rays","TB","L","86.7","252","1355",8.364197530864198,0.1859778597785978,"FF","4-Seam Fastball",25,-20.1,-4.9,"-24",11.6,14.2,-8.9,5.3,"59",0.021686746987951807,0.9783132530120482
"2022","Cabrera, Génesis","650893","Cardinals","STL","L","96","252","736",4.54320987654321,0.3423913043478261,"FF","4-Seam Fastball",11.9,-13.6,1.7,"13",17.9,7.5,-7.4,0.1,"2",0.8771084337349397,0.4674698795180723
"2022","Leiter Jr., Mark","643410","Cubs","CHC","R","91.1","248","1086",6.703703703703703,0.2283609576427256,"FF","4-Seam Fastball",16.4,-16.4,0,"0",16.4,5.4,-6.9,-1.5,"-21",0.5204819277108433,0.28674698795180725
"2022","Beede, Tyler","595881","Pirates","PIT","R","95.8","247","1072",6.617283950617284,0.23041044776119404,"FF","4-Seam Fastball",16.7,-14.5,-2.3,"-16",13.1,11,-8.6,2.4,"28",0.15421686746987953,0.7325301204819277
"2022","Crismatt, Nabil","622503","Padres","SD","R","90.5","245","1062",6.555555555555555,0.23069679849340866,"FF","4-Seam Fastball",19.2,-17.1,-2.1,"-12",14.2,7.4,-7.3,0.2,"2",0.17349397590361446,0.4891566265060241
"2022","Gott, Trevor","641627","Brewers","MIL","R","95.2","245","761",4.697530864197531,0.3219448094612352,"FF","4-Seam Fastball",15.1,-15.5,0.4,"3",15.3,8.4,-9.5,-1.1,"-12",0.5903614457831325,0.3253012048192771
"2022","Chafin, Andrew","605177","Tigers","DET","L","91.6","244","899",5.549382716049383,0.271412680756396,"FF","4-Seam Fastball",17.2,-15.3,-1.9,"-12",15.6,9.6,-5.9,3.7,"63",0.1927710843373494,0.8843373493975903
"2022","Cabrera, Edward","665795","Marlins","MIA","R","96","243","1215",7.5,0.2,"FF","4-Seam Fastball",13.7,-13.4,-0.2,"-2",16.2,9.8,-7.2,2.6,"37",0.4867469879518072,0.7566265060240964
"2022","Pressly, Ryan","519151","Astros","HOU","R","94.5","231","711",4.388888888888889,0.32489451476793246,"FF","4-Seam Fastball",12.7,-14.4,1.7,"12",18,3.2,-7.1,-3.9,"-55",0.8771084337349397,0.10602409638554217
"2022","Dunn, Justin","643290","Reds","CIN","R","92.2","231","540",3.3333333333333335,0.42777777777777776,"FF","4-Seam Fastball",15.3,-16,0.7,"4",16.9,8.3,-7.5,0.9,"11",0.6337349397590362,0.5807228915662651
"2022","Floro, Dylan","571670","Marlins","MIA","R","92.4","230","863",5.327160493827161,0.2665121668597914,"FF","4-Seam Fastball",17.6,-15.3,-2.2,"-15",14.7,10.4,-6.7,3.7,"55",0.163855421686747,0.8843373493975903
"2022","Price, David","456034","Dodgers","LAD","L","92.1","228","596",3.6790123456790123,0.3825503355704698,"FF","4-Seam Fastball",20.1,-15.7,-4.4,"-28",12.2,10.5,-6.9,3.6,"52",0.03132530120481928,0.8771084337349397
"2022","Hand, Brad","543272","Phillies","PHI","L","92.6","228","817",5.04320987654321,0.27906976744186046,"FF","4-Seam Fastball",16.9,-14.9,-2,"-14",15.2,10,-6.7,3.3,"50",0.18072289156626506,0.8481927710843373
"2022","Wendelken, J.B.","605525","D-backs","AZ","R","95","228","488",3.0123456790123457,0.4672131147540984,"FF","4-Seam Fastball",16,-14.4,-1.6,"-11",14.4,3.2,-7.7,-4.5,"-58",0.23373493975903614,0.060240963855421686
"2022","Brogdon, Connor","641401","Phillies","PHI","R","95.1","227","710",4.382716049382716,0.31971830985915495,"FF","4-Seam Fastball",13.9,-13.9,0,"0",16.5,10.8,-7.3,3.5,"48",0.5204819277108433,0.8698795180722891
"2022","Hill, Tim","657612","Padres","SD","L","91.5","226","745",4.598765432098766,0.30335570469798656,"FF","4-Seam Fastball",28.6,-27.9,-0.7,"-2",4.5,17.3,-16.8,0.5,"3",0.38795180722891565,0.5228915662650603
"2022","Kuhnel, Joel","669270","Reds","CIN","R","96.2","222","934",5.765432098765432,0.23768736616702354,"FF","4-Seam Fastball",17.1,-13.2,-3.9,"-29",12.4,7,-7.2,-0.3,"-4",0.04819277108433735,0.40481927710843374
"2022","Liberatore, Matthew","669461","Cardinals","STL","L","93.7","221","650",4.012345679012346,0.34,"FF","4-Seam Fastball",14.7,-14.1,-0.5,"-4",16.5,7,-6.2,0.8,"13",0.42168674698795183,0.5614457831325301
"2022","McCarty, Kirk","668948","Guardians","CLE","L","92.5","221","574",3.54320987654321,0.38501742160278746,"FF","4-Seam Fastball",13.6,-15.5,1.9,"12",18.5,7.1,-7,0.1,"1",0.9060240963855422,0.4674698795180723
"2022","Crowe, Wil","640444","Pirates","PIT","R","95.1","219","1380",8.518518518518519,0.15869565217391304,"FF","4-Seam Fastball",13.5,-13.8,0.3,"2",16.7,2.5,-6.9,-4.4,"-63",0.5759036144578313,0.06987951807228916
"2022","Head, Louis","545343","Orioles","BAL","R","93.6","218","546",3.3703703703703702,0.3992673992673993,"FF","4-Seam Fastball",15.7,-16.2,0.5,"3",15.7,5.5,-9.2,-3.7,"-40",0.6072289156626506,0.13012048192771083
"2022","Marte, Yunior","628708","Giants","SF","R","97.8","216","856",5.283950617283951,0.2523364485981308,"FF","4-Seam Fastball",14.5,-13.2,-1.3,"-10",14.2,12.2,-8.7,3.6,"41",0.2819277108433735,0.8771084337349397
"2022","Houck, Tanner","656557","Red Sox","BOS","R","95.3","216","918",5.666666666666667,0.23529411764705882,"FF","4-Seam Fastball",21,-15.3,-5.7,"-37",9.2,10.4,-9.3,1.1,"12",0.012048192771084338,0.6024096385542169
"2022","Sánchez, Aníbal","434671","Nationals","WSH","R","89.8","215","1232",7.604938271604938,0.174512987012987,"FF","4-Seam Fastball",17.2,-17,-0.3,"-1",16.6,4,-6.5,-2.6,"-39",0.46265060240963857,0.20481927710843373
"2022","Nelson, Kyle","669459","D-backs","AZ","L","91.9","213","593",3.6604938271604937,0.3591905564924115,"FF","4-Seam Fastball",17.4,-16.3,-1,"-6",15.1,3.9,-7.8,-3.9,"-50",0.3421686746987952,0.10602409638554217
"2022","Sanchez, Aaron","592717","Twins","MIN","R","92.4","207","1006",6.209876543209877,0.20576540755467196,"FF","4-Seam Fastball",18.3,-15.7,-2.6,"-16",13.8,11.5,-7.2,4.3,"59",0.1108433734939759,0.9301204819277108
"2022","Blackburn, Paul","621112","Athletics","OAK","R","91.5","205","1762",10.876543209876543,0.11634506242905789,"FF","4-Seam Fastball",16.3,-16,-0.3,"-2",16.3,5.6,-6.7,-1.1,"-17",0.46265060240963857,0.3253012048192771
"2022","Jiménez, Dany","666204","Athletics","OAK","R","93.9","204","539",3.3271604938271606,0.3784786641929499,"FF","4-Seam Fastball",13.3,-14.2,0.9,"6",17.7,3.4,-6.6,-3.3,"-49",0.6939759036144578,0.15421686746987953
"2022","Martinez, Seth","661527","Astros","HOU","R","91.9","202","592",3.654320987654321,0.34121621621621623,"FF","4-Seam Fastball",19.2,-18.8,-0.3,"-2",13.3,10.2,-9.4,0.8,"8",0.46265060240963857,0.5614457831325301
"2022","Sanmartin, Reiver","665665","Reds","CIN","L","90.9","201","1031",6.364197530864198,0.19495635305528614,"FF","4-Seam Fastball",21.5,-17.4,-4.1,"-23",11.9,13.7,-8.6,5.2,"60",0.03855421686746988,0.9734939759036144
"2022","Silseth, Chase","681217","Angels","LAA","R","95.4","201","501",3.0925925925925926,0.40119760479041916,"FF","4-Seam Fastball",14.2,-14.2,0,"0",16.1,7.3,-7.6,-0.3,"-4",0.5204819277108433,0.40481927710843374
"2022","Familia, Jeurys","544727","Red Sox","BOS","R","95.4","199","817",5.04320987654321,0.24357405140758873,"FF","4-Seam Fastball",16.5,-13.8,-2.7,"-20",13.5,10.2,-7.2,3,"42",0.09879518072289156,0.8144578313253013
"2022","Pérez, Martín","527048","Rangers","TEX","L","92.9","199","2979",18.38888888888889,0.06680093991272239,"FF","4-Seam Fastball",16.6,-15.7,-0.9,"-6",15.2,10.7,-7.8,2.9,"37",0.363855421686747,0.8024096385542169
"2022","Eflin, Zach","621107","Phillies","PHI","R","93.1","186","1194",7.37037037037037,0.15577889447236182,"FF","4-Seam Fastball",17.6,-15.4,-2.2,"-14",14.1,10.5,-7.3,3.1,"43",0.163855421686747,0.8265060240963855
"2022","Bello, Brayan","678394","Red Sox","BOS","R","97","186","997",6.154320987654321,0.18655967903711135,"FF","4-Seam Fastball",15.7,-13.8,-1.9,"-14",13.5,9.5,-8.6,0.9,"10",0.1927710843373494,0.5807228915662651
"2022","Naughton, Packy","676050","Cardinals","STL","L","92.8","186","562",3.4691358024691357,0.3309608540925267,"FF","4-Seam Fastball",17,-15.7,-1.4,"-9",14.7,6.9,-7.7,-0.8,"-10",0.26265060240963856,0.3542168674698795
"2022","Stroman, Marcus","573186","Cubs","CHC","R","92.6","179","2181",13.462962962962964,0.08207244383310408,"FF","4-Seam Fastball",18,-16.6,-1.4,"-8",13.9,4.6,-9.3,-4.7,"-50",0.26265060240963856,0.04819277108433735
"2022","Peralta, Wily","503449","Tigers","DET","R","95.4","178","694",4.283950617283951,0.2564841498559078,"FF","4-Seam Fastball",13.6,-13.3,-0.3,"-2",16.5,7,-6.6,0.4,"6",0.46265060240963857,0.5084337349397591
"2022","Richards, Garrett","572070","Rangers","TEX","R","94.4","177","708",4.37037037037037,0.25,"FF","4-Seam Fastball",21.9,-14.8,-7.1,"-48",8.8,0.4,-7.7,-8.1,"-105",0.004819277108433735,0.004819277108433735
"2022","King, Michael","650633","Yankees","NYY","R","96.4","176","776",4.790123456790123,0.2268041237113402,"FF","4-Seam Fastball",12.9,-13.7,0.8,"6",16.6,7.2,-8.1,-0.9,"-11",0.655421686746988,0.3421686746987952
"2022","Phillips, Evan","623465","Dodgers","LAD","R","96","174","923",5.697530864197531,0.18851570964247022,"FF","4-Seam Fastball",15.5,-14.4,-1.1,"-8",14.1,5.5,-8.6,-3.1,"-36",0.3253012048192771,0.163855421686747
"2022","Trivino, Lou","642152","Yankees","NYY","R","95.6","173","955",5.895061728395062,0.181151832460733,"FF","4-Seam Fastball",16.1,-13.8,-2.3,"-17",14,9.2,-7.3,2,"27",0.15421686746987953,0.6939759036144578
"2022","Barria, Jaime","642545","Angels","LAA","R","92.2","171","1123",6.932098765432099,0.1522707034728406,"FF","4-Seam Fastball",15.4,-14.9,-0.6,"-4",16.8,5.2,-6.1,-0.9,"-15",0.4,0.3421686746987952
"2022","Banda, Anthony","607455","Yankees","NYY","L","95.2","167","551",3.4012345679012346,0.3030852994555354,"FF","4-Seam Fastball",14.8,-14.3,-0.6,"-4",15.5,10.8,-7.6,3.1,"41",0.4,0.8265060240963855
"2022","Barlow, Joe","669618","Rangers","TEX","R","94.5","166","554",3.419753086419753,0.2996389891696751,"FF","4-Seam Fastball",11.5,-14.7,3.1,"21",19.2,6.4,-7.7,-1.3,"-16",0.9879518072289156,0.3036144578313253
"2022","Assad, Javier","665871","Cubs","CHC","R","92.9","165","690",4.2592592592592595,0.2391304347826087,"FF","4-Seam Fastball",15.4,-15.2,-0.2,"-1",16.4,7.4,-7,0.4,"5",0.4867469879518072,0.5084337349397591
"2022","Elder, Bryce","693821","Braves","ATL","R","90.5","160","873",5.388888888888889,0.18327605956471935,"FF","4-Seam Fastball",19.1,-16.1,-3,"-19",14.2,1.7,-6,-4.3,"-72",0.07951807228915662,0.07710843373493977
"2022","Fulmer, Michael","605242","Twins","MIN","R","94.2","160","1043",6.438271604938271,0.15340364333652926,"FF","4-Seam Fastball",15.1,-14.5,-0.6,"-4",15.7,4,-7.1,-3.1,"-44",0.4,0.163855421686747
"2022","Winckowski, Josh","670174","Red Sox","BOS","R","93.6","152","1194",7.37037037037037,0.1273031825795645,"FF","4-Seam Fastball",16.2,-14.6,-1.7,"-11",14.9,2.8,-6.8,-4,"-59",0.21445783132530122,0.10120481927710843
"2022","Brazobán, Huascar","623211","Marlins","MIA","R","97.3","151","631",3.8950617283950617,0.2393026941362916,"FF","4-Seam Fastball",14.2,-13.5,-0.7,"-5",14.8,10.5,-8.6,1.9,"22",0.38795180722891565,0.6819277108433734
"2022","Schmidt, Clarke","657376","Yankees","NYY","R","94.7","148","930",5.7407407407407405,0.15913978494623657,"FF","4-Seam Fastball",16.6,-14.8,-1.8,"-12",13.8,4.9,-8.1,-3.2,"-40",0.20963855421686747,0.15903614457831325
"2022","Woodford, Jake","663765","Cardinals","STL","R","92.4","147","697",4.302469135802469,0.2109038737446198,"FF","4-Seam Fastball",18.3,-15.7,-2.7,"-17",13.6,5.5,-7.2,-1.7,"-24",0.09879518072289156,0.27228915662650605
"2022","Mills, Wyatt","670090","Royals","KC","R","92.3","146","503",3.1049382716049383,0.29025844930417494,"FF","4-Seam Fastball",24,-24.8,0.8,"3",8.3,13.7,-14.1,-0.4,"-3",0.655421686746988,0.3927710843373494
"2022","Peters, Dillon","596071","Pirates","PIT","L","92.9","145","634",3.9135802469135803,0.22870662460567823,"FF","4-Seam Fastball",15,-16.2,1.1,"7",16.6,4.7,-8.6,-3.9,"-45",0.7373493975903614,0.10602409638554217
"2022","Whitlock, Garrett","676477","Red Sox","BOS","R","95.6","141","1166",7.197530864197531,0.120926243567753,"FF","4-Seam Fastball",15.3,-13.8,-1.5,"-11",14.7,13.7,-7.7,6.1,"79",0.2457831325301205,0.9903614457831326
"2022","Civale, Aaron","650644","Guardians","CLE","R","90.8","141","1588",9.802469135802468,0.08879093198992444,"FF","4-Seam Fastball",16,-16,0.1,"0",17.1,2.2,-6.3,-4.1,"-65",0.5445783132530121,0.09156626506024096
"2022","Sandlin, Nick","680704","Guardians","CLE","R","93.5","140","740",4.567901234567901,0.1891891891891892,"FF","4-Seam Fastball",20.1,-17.8,-2.3,"-13",11.2,11.1,-9.8,1.3,"13",0.15421686746987953,0.6265060240963856
"2022","Bañuelos, Manny","544365","Pirates","PIT","L","93.7","136","718",4.432098765432099,0.1894150417827298,"FF","4-Seam Fastball",17.7,-15.3,-2.4,"-16",13.5,11.3,-8,3.3,"41",0.13493975903614458,0.8481927710843373
"2022","Brubaker, JT","664141","Pirates","PIT","R","92.7","135","2381",14.697530864197532,0.056698866022679546,"FF","4-Seam Fastball",16.1,-14.9,-1.2,"-8",15.9,9.3,-6.8,2.6,"38",0.30843373493975906,0.7566265060240964
"2022","Anderson, Chase","502624","Reds","CIN","R","92","130","493",3.04320987654321,0.26369168356997974,"FF","4-Seam Fastball",14.5,-15.7,1.2,"8",17.8,6.9,-6.9,0,"0",0.7710843373493976,0.4506024096385542
"2022","Graveman, Kendall","608665","White Sox","CWS","R","96.6","130","1035",6.388888888888889,0.12560386473429952,"FF","4-Seam Fastball",13.9,-13.8,-0.1,"-1",15.5,9.3,-8.3,1,"12",0.5036144578313253,0.5951807228915663
"2022","Ottavino, Adam","493603","Mets","NYM","R","94.8","130","1057",6.5246913580246915,0.12298959318826869,"FF","4-Seam Fastball",16.6,-14.7,-1.9,"-13",13.9,8.2,-8,0.2,"2",0.1927710843373494,0.4891566265060241
"2022","Gilbert, Tyler","656457","D-backs","AZ","L","89.5","124","564",3.4814814814814814,0.2198581560283688,"FF","4-Seam Fastball",18.9,-17.3,-1.6,"-9",15.4,7,-6.9,0.1,"2",0.23373493975903614,0.4674698795180723
"2022","Colomé, Alex","517008","Rockies","COL","R","94.5","124","803",4.95679012345679,0.15442092154420922,"FF","4-Seam Fastball",14.4,-13.9,-0.5,"-4",16.1,2.3,-6.5,-4.2,"-64",0.42168674698795183,0.08433734939759036
"2022","Wesneski, Hayden","669713","Cubs","CHC","R","93.2","122","495",3.0555555555555554,0.24646464646464647,"FF","4-Seam Fastball",18.4,-15.3,-3.1,"-20",13.1,6.2,-7.4,-1.2,"-16",0.0746987951807229,0.3132530120481928
"2022","Underwood Jr., Duane","621249","Pirates","PIT","R","95.9","116","1004",6.197530864197531,0.11553784860557768,"FF","4-Seam Fastball",14.9,-13.4,-1.5,"-12",14.9,7.3,-7,0.3,"4",0.2457831325301205,0.5012048192771085
"2022","Ureña, José","570632","Rockies","COL","R","96","110","1622",10.012345679012345,0.06781750924784218,"FF","4-Seam Fastball",16.3,-13.9,-2.4,"-17",13.4,9.7,-7.9,1.8,"23",0.13493975903614458,0.672289156626506
"2022","Snead, Kirby","669912","Athletics","OAK","L","93.5","108","780",4.814814814814815,0.13846153846153847,"FF","4-Seam Fastball",18.7,-15.8,-2.9,"-18",12.8,14.5,-8.6,5.9,"68",0.09397590361445783,0.983132530120482
"2022","Nance, Tommy","667297","Marlins","MIA","R","93.8","101","751",4.635802469135802,0.13448735019973368,"FF","4-Seam Fastball",15.5,-14.4,-1.1,"-7",15.8,9.1,-6.5,2.6,"40",0.3253012048192771,0.7566265060240964
"2022","Bass, Anthony","542914","Blue Jays","TOR","R","95","97","986",6.08641975308642,0.09837728194726167,"FF","4-Seam Fastball",13.4,-14.2,0.8,"6",17,6.4,-7.4,-1,"-13",0.655421686746988,0.3349397590361446
"2022","Jefferies, Daulton","641726","Athletics","OAK","R","92.5","86","611",3.771604938271605,0.1407528641571195,"FF","4-Seam Fastball",16.9,-15.3,-1.7,"-11",15.2,11.6,-6.8,4.8,"70",0.21445783132530122,0.9542168674698795
"2022","Effross, Scott","664123","Yankees","NYY","R","90.8","82","815",5.030864197530864,0.10061349693251534,"FF","4-Seam Fastball",29.3,-27.7,-1.5,"-6",4.3,17.2,-12.8,4.4,"34",0.2457831325301205,0.9373493975903614
"2022","Miley, Wade","489119","Cubs","CHC","L","89.1","81","566",3.493827160493827,0.1431095406360424,"FF","4-Seam Fastball",16.7,-17.1,0.5,"3",17.9,3.4,-5.8,-2.3,"-41",0.6072289156626506,0.22409638554216868
"2022","Martin, Brett","656685","Rangers","TEX","L","93.5","77","750",4.62962962962963,0.10266666666666667,"FF","4-Seam Fastball",17.2,-14,-3.2,"-23",14.1,5.4,-6,-0.6,"-10",0.06506024096385542,0.36626506024096384
"2022","Castellanos, Humberto","528748","D-backs","AZ","R","89.4","76","748",4.617283950617284,0.10160427807486631,"FF","4-Seam Fastball",22.6,-19.4,-3.2,"-17",11.8,6.4,-9.8,-3.3,"-34",0.06506024096385542,0.15421686746987953
"2022","Graterol, Brusdar","660813","Dodgers","LAD","R","99.3","75","675",4.166666666666667,0.1111111111111111,"FF","4-Seam Fastball",14.6,-12.1,-2.5,"-20",13.1,8.5,-9,-0.5,"-5",0.12289156626506025,0.38313253012048193
"2022","Foley, Jason","671345","Tigers","DET","R","96.2","74","961",5.932098765432099,0.07700312174817898,"FF","4-Seam Fastball",16.9,-13.9,-3,"-22",12.8,12.9,-8.1,4.8,"60",0.07951807228915662,0.9542168674698795
"2022","Ramírez, Yohan","670990","Pirates","PIT","R","93.8","74","620",3.8271604938271606,0.11935483870967742,"FF","4-Seam Fastball",19,-17.1,-2,"-12",12.1,9.2,-9.5,-0.3,"-3",0.18072289156626506,0.40481927710843374
"2022","Keuchel, Dallas","572971","Rangers","TEX","L","88","73","1165",7.191358024691358,0.06266094420600858,"FF","4-Seam Fastball",21.5,-17.9,-3.6,"-20",13.6,3.4,-5.7,-2.3,"-40",0.05783132530120482,0.22409638554216868
"2022","Santana, Dennis","642701","Rangers","TEX","R","97.6","72","991",6.117283950617284,0.07265388496468214,"FF","4-Seam Fastball",13.9,-13.4,-0.5,"-3",15,13,-8.8,4.2,"48",0.42168674698795183,0.9253012048192771
"2022","Arano, Víctor","644364","Nationals","WSH","R","94.4","71","678",4.185185185185185,0.10471976401179942,"FF","4-Seam Fastball",15,-14.6,-0.4,"-3",15.8,9,-7.5,1.5,"20",0.43855421686746987,0.6506024096385542
"2022","Thompson, Ryan","657044","Rays","TB","R","91.6","69","679",4.191358024691358,0.101620029455081,"FF","4-Seam Fastball",26.7,-22.7,-4.1,"-18",6.1,13.8,-11.7,2.1,"18",0.03855421686746988,0.7012048192771084
"2022","Castano, Daniel","641447","Marlins","MIA","L","92.1","67","577",3.5617283950617282,0.11611785095320624,"FF","4-Seam Fastball",19.4,-15.4,-4,"-26",12.9,5.3,-6.5,-1.2,"-18",0.043373493975903614,0.3132530120481928
"2022","Garza Jr., Ralph","621248","Rays","TB","R","91.2","65","514",3.1728395061728394,0.1264591439688716,"FF","4-Seam Fastball",16.1,-16.7,0.6,"4",17,7.7,-7.6,0.1,"1",0.6168674698795181,0.4674698795180723
"2022","López, Jorge","605347","Twins","MIN","R","97.2","60","1161",7.166666666666667,0.05167958656330749,"FF","4-Seam Fastball",14.1,-13.2,-0.9,"-7",14.9,10.9,-8.1,2.9,"36",0.363855421686747,0.8024096385542169
"2022","Abreu, Albert","656061","Yankees","NYY","R","97.3","60","707",4.364197530864198,0.08486562942008487,"FF","4-Seam Fastball",12.6,-13.2,0.6,"5",16.5,10.6,-8.1,2.5,"31",0.6168674698795181,0.7421686746987952
"2022","Rodríguez, Joely","570257","Mets","NYM","L","92.8","54","842",5.197530864197531,0.06413301662707839,"FF","4-Seam Fastball",20.3,-16.2,-4.2,"-26",11.7,12.1,-8.4,3.7,"44",0.03614457831325301,0.8843373493975903
"2022","Chacín, Jhoulys","468504","Rockies","COL","R","92.6","54","786",4.851851851851852,0.06870229007633588,"FF","4-Seam Fastball",17.9,-15.2,-2.7,"-17",13.6,2.8,-6.7,-3.9,"-58",0.09879518072289156,0.10602409638554217
"2022","Koenig, Jared","657649","Athletics","OAK","L","89.2","52","653",4.030864197530864,0.07963246554364471,"FF","4-Seam Fastball",21.7,-17.3,-4.4,"-25",12.7,3.2,-6.2,-2.9,"-48",0.03132530120481928,0.1783132530120482
"2022","Wisler, Matt","605538","Rays","TB","R","89.7","50","749",4.6234567901234565,0.06675567423230974,"FF","4-Seam Fastball",16.8,-16.8,0,"0",17.4,9.2,-6.1,3.1,"52",0.5204819277108433,0.8265060240963855
"2022","Danish, Tyler","641501","Red Sox","BOS","R","91.3","50","664",4.098765432098766,0.07530120481927711,"FF","4-Seam Fastball",24.8,-18.9,-5.9,"-31",8.1,13.1,-9.9,3.2,"32",0.00963855421686747,0.8361445783132531
"2022","Bleier, Richard","542947","Marlins","MIA","L","90.7","45","768",4.7407407407407405,0.05859375,"FF","4-Seam Fastball",21.3,-16.4,-4.9,"-30",12,7.2,-6.4,0.8,"12",0.021686746987951807,0.5614457831325301
"2022","Castillo, Diego","650895","Mariners","SEA","R","95.7","45","843",5.203703703703703,0.05338078291814947,"FF","4-Seam Fastball",19.1,-14.4,-4.7,"-32",10.8,11.8,-8.5,3.3,"38",0.02891566265060241,0.8481927710843373
"2022","Kelly, Joe","523260","White Sox","CWS","R","97.8","42","703",4.339506172839506,0.059743954480796585,"FF","4-Seam Fastball",14,-13.6,-0.4,"-3",14.7,12.5,-9.2,3.2,"35",0.43855421686746987,0.8361445783132531